KEY	XXX00	FW	SX	SX01#1	SX01#2	FW01#1	FW01#2	FW01#3	FW02#1	FW02#2	FW03	S1	S1_GROUP	S2	S3	S4	S4_RANGE	S5	CHECK	S6	S7	S8	S9	S9_SES	A0$1	A0$2	A0$3	A0$4	A0$5	A0$6	A0$7	A1$1	A1A$1	A1A$2	A1A$3	A1A$4	A1A$5	A1A$6	A1A$7	A1B$1	A1C$1	A1D$1	A1D$2	A1D$3	A1D$4	A1D$5	A1D$6	A1D$7	QUOTA	A2A$1	A2A$2	A2A$3	A2A$4	A2A$5	A2A$6	A2A$7	A2A$8	A2A$9	A2A$10	A2B$1	A2B$2	A2B$3	A2B$4	A2B$5	A2B$6	A2B$7	A2B$8	A2B$9	A2B$10	A2B$11	A3	A9	A4	A5	A6	A6X5	A6A$1	A6A$2	A6A$3	A6A$4	A6A$5	A6A$6	A6AX8	A6C	A6CX11	A10$1	A10$2	A10$3	A10$4	A10$5	A10$6	A10$7	A10$8	A10$9	A10$10	A10$11	A10$12	A10$13	A10$14	A10$15	A10$16	A10$17	A10$18	A10$19	A10$20	A10$21	A10$22	A10$23	A10$24	A10$25	A10X26	A7$1	A7$2	A7$3	A7$4	A7$5	A7$6	A7$7	A7$8	A7$9	A7$10	A7$11	A7$12	A7$13	A7$14	A7$15	A7$16	A7X22	A8	B0$1	B0$2	B0$3	B0$4	B0$5	B0$6	B0$7	B0$8	B0$9	B1A$1	B1G$1	B1G$2	B1G$3	B1G$4	B1G$5	B1G$6	B1G$7	B1G$8	B1G$9	B1B$1	B1C$1	B1D$1	B1D$2	B1D$3	B1D$4	B1D$5	B1D$6	B1D$7	B1D$8	B1D$9	B1E	B1E_DUMMY	B1F	B1H	B2#1	B2#2	B2#3	B2#4	B2#5	B2#6	B2#7	B2#8	B2#9	B2#10	B2#11	B2#12	B3A	B3AX13	B3B$1	B3BX27	B4A	B4AX13	B4B$1	B4B$2	B4B$3	B4B$4	B4BX6	B5$1	B5$2	B5$3	B5$4	B5$5	B5$6	B5$7	B5$8	B5X9	B6$1	B6X21	B9	B14	B14X16	C1#1$1	C1#1$2	C1#1$3	C1#1$4	C1#1$5	C1#1$6	C1#1$7	C1#1$8	C1#1$9	C1#1$10	C1#1$11	C1#1$12	C1#1$13	C1#1$14	C1#1$15	C1#1$16	C1#1$17	C1#1$18	C1#1$19	C1#1$20	C1#1$21	C1#2$1	C1#2$2	C1#2$3	C1#2$4	C1#2$5	C1#2$6	C1#2$7	C1#2$8	C1#2$9	C1#2$10	C1#2$11	C1#2$12	C1#2$13	C1#2$14	C1#2$15	C1#2$16	C1#2$17	C1#2$18	C1#2$19	C1#2$20	C1#2$21	C1X24#1	C1X24#2	C2#1	C2#2	C3#1$1	C3#1$2	C3#1$3	C3#1$4	C3#1$5	C3#1$6	C3#1$7	C3#1$8	C3#1$9	C3#1$10	C3#1$11	C3#1$12	C3#1$13	C3#1$14	C3#2$1	C3#2$2	C3#2$3	C3#2$4	C3#2$5	C3#2$6	C3#2$7	C3#2$8	C3#2$9	C3#2$10	C3#2$11	C3#2$12	C3#2$13	C3#2$14	C3#3$1	C3#3$2	C3#3$3	C3#3$4	C3#3$5	C3#3$6	C3#3$7	C3#3$8	C3#3$9	C3#3$10	C3#3$11	C3#3$12	C3#3$13	C3#3$14	C3#4$1	C3#4$2	C3#4$3	C3#4$4	C3#4$5	C3#4$6	C3#4$7	C3#4$8	C3#4$9	C3#4$10	C3#4$11	C3#4$12	C3#4$13	C3#4$14	C3#5$1	C3#6$1	C3#7$1	C3#7$2	C3#7$3	C3#7$4	C3#7$5	C3#7$6	C3#7$7	C3#7$8	C3#7$9	C3#7$10	C3#7$11	C3#7$12	C3#7$13	C3#7$14	C3#8$1	C3#9$1	C3#9$2	C3#9$3	C3#9$4	C3#9$5	C3#9$6	C3#9$7	C3#9$8	C3#9$9	C3#9$10	C3#9$11	C3#9$12	C3#9$13	C3#9$14	C3#10$1	C3#10$2	C3#10$3	C3#10$4	C3#10$5	C3#10$6	C3#10$7	C3#10$8	C3#10$9	C3#10$10	C3#10$11	C3#10$12	C3#10$13	C3#10$14	C3X18#1	C3X18#2	C3X18#3	C3X18#4	C3X18#5	C3X18#6	C3X18#7	C3X18#8	C3X18#9	C3X18#10	E1#1	E1#2	E1#3	E1#4	E1#5	E2#1	E2#2	E2#3	E2#4	E2#5	E3	E4	ROTATE_VIDEO	D3_A	D3A_A	D6_A	D8_A	D9_A#1	D9_A#2	D9_A#3	D9_A#4	D9_A#5	D9_A#6	D9_A#7	D3_B	D3A_B	D6_B	D8_B	D9_B#1	D9_B#2	D9_B#3	D9_B#4	D9_B#5	D9_B#6	D9_B#7	D3_C	D3A_C	D6_C	D8_C	D9_C#1	D9_C#2	D9_C#3	D9_C#4	D9_C#5	D9_C#6	D9_C#7	D3_D	D3A_D	D6_D	D8_D	D9_D#1	D9_D#2	D9_D#3	D9_D#4	D9_D#5	D9_D#6	D9_D#7	ROTATE_POST	D4_11	D5A	D7_11	D8_11	D9_11#1	D9_11#2	D9_11#3	D9_11#4	D9_11#5	D9_11#6	D10_1	D10_2	D10_3	B7_1	B7_1X13	B7_2	B7_2X13	B7_3	B7_3X13	B8_1	B8_1X11	B8_2	B8_2X11	B8_3	B8_3X11	B16$1	B16$2	B16$3	B16$4	B16$5	B16$6	B16$7	B16$8	B16$9	B16$10	B16$11	B16X12	B10	B11	B12_1	B12_1X15	B12_2	B12_2X15	B12_3	B12_3X15	B13	B15	D1	D1X15	D2	MEOW02#1	MEOW02#2	FW11$1	FW12#1	FW12#2	FW12#3	FW13	FW14	F_DEVICE	SID	UID	
100000005	1	1	1	6642	6642							1	1		2	32	2	3		1	2	1	10	1	1	2	3	4	5	6	7		1	2	3	4	5	6	7			1	2	3	4	5	6		4																						2	6	5	1										1		1	2	3	4	5	6	7	8	9	10	11	12	13	14	15	16	17	18	19	20	21	22	23	24	25		1	2	3	4	6	8	10	16	18	19	20							5	1	3	10								1	10										1	10								1	1	3	1	5									5																									1	1		10	12	14	15																		3	4	17																					3	5	1	2	4																																																																																					2	3	4	8																															11	11	1	1	อร่อยกลมกล่อมยิ่งขึ้น	10	5	5	5	5	5	5	5	5	1	อาหารจะอร่อยมาก	10	5	5	5	5	5	5	5	5	1	ให้รสชาติอาหารอร่อย	10	5	5	5	5	5	5	5	5	1	ทำอาหารอร่อยกลมกล่อมยิ่งขึ้น	10	5	5	5	5	5	5	5	5		1	ทหารกลมกล่อมอร่อยมาก	10	5	5	5	5	5	5	5	5	1	2													1	4	5	6	10								1									5	8		9									2	1	C327082372_1-1-1-sgskru2vbtds5wsjlp3qil4yo6	
100000217	1	1	1	10006	10006							1	1		2	27	2	1		1	1	1	10	1	1	2	3	4	5	6	7		1	2	4	5	6	7				1	2	4	5	6	7		2	2	3	5	8																								4	5								4	5	7	9	10	12	13	17	18	19	25																2	3																4	1	2									13											13									13	13	13	2																								2											1	4		1	6	10																			1	9	11																					4	5																																																																																																																										9	10	4	1	ใช้ง่ายดี มีรสชาติที่ดี	9	4	4	5	4	4	4	4	4	1	ใช้ได้ง่ายสะดวก	9	4	4	4	5	4	4	4	4	1	ใช้งานง่าย สะดวก	9	4	4	5	4	5	4	4	5	2		8	1	4	4	4	4	4	5	4		1	เข้าถึงรสชาติได้ดี	10	4	4	4	4	4	4	4	2	1	5													4	5	7										4										6		9									2	1	C327082372_1-1-1-sgupjru4aqrp9oo7nj1j5cl3jh	
100000161	1	1	1	10225	10225							1	1		2	28	2	2		1	2	1	3	4	1	2	3	4	5	6	7		1	2	3	4	5	6	7			2	4	7					3																												4									3	5	6	7	8	12	15	17	19	20																	1	2	3	19														5	1	2	3	4	7	9					1	2	3	4	7							13									13	13	13	13																	1		1	4															1	3		6	17	18																			4	6	16																					5	5																																																																																																																										9	6	2	1	มีการให้ความรู้ด้านการทำอาหาร	10	5	5	5	5	5	5	5	5	1	สื่อรสชาติและสรรพคุณของตัวสินค้า	5	4	3	4	3	4	4	4	3	1	มีการบอกถึงสรรพคุณของผลิตภัณฑ์	5	3	3	3	3	3	3	3	3	1	มีการสอนทำอาหารโดยใช้ไข่เป็นวัตถุดิบหลักพร้อมกับผงชูรส	7	4	4	4	4	4	4	3	3		1	เนื้อหาค่อนข้างสับสน	4	3	3	3	3	3	3	3	1	4	5													2	3	4	5	9								1									5	8		9									2	1	C327082372_1-1-1-sg5qbfjmke70minon2eg3lym3c	
100000047	1	1	1	3948	3948							27	3	1	2	33	2	1		1	1	1	5	2	1	3	4	5	6				1	3	4	5	6					1	3	4	5	6			4																						1	3	5	2												1	2	4	5	7	8	10	18	20	22	24																1	2	3	4	6	7	8	9	10	12	16	18	19					5	1										1											1									1	1	13	1	5																																		1	14		2	9	10	18	23																	2	7	9	14	16	19																		5	5	1	2	4	5	8																																																																																																																					11	11	2	1	ทำทอดมันเห็ด ก็ต้องใสอูมามิ	10	5	5	5	5	5	5	5	5	1	สื่อถึงการทำอาหาร	10	5	5	5	5	5	5	5	5	1	โฆษณาผงชูรส ค่ะ	10	5	5	5	5	5	5	5	5	1	ทำอาหารก็ต้องใส่ผงชูรส ค่ะ	10	5	5	5	5	5	5	5	5		1	โฆษณาขายผงชูรสค่ะ	10	5	5	5	5	5	5	5	1	4	2													1	3	4	5	10								1									5	10		9									2	1	C327082372_1-1-1-sg0zjy2pkkd46cfcu1f17ruigj	
100000029	1	1	1	5469	5469							1	1		2	25	2	1		1	2	1	3	4	1	2	3	4	5	6	7		1	2	3	4	5	6	7			1	2	3	4	5	6	7	4																						2	6	4	2												4	5	6	7	8	12	17	18	20																		1	2	3	18														5	1										1											1									1	1	13	1	4																																		1	6		1	2	6	9	12	15	16	19	20	23												1	2	8	9	16	20	23																	5	4	1	2	3																																																																																																																							8	4	2	1	ผงชูรส รสดีรสเห็ดหอม สามารถทำได้ทุกเมนู ไม่ว่า ต้ม ทอด นึ่ง	7	4	4	4	4	4	4	4	4	1	ผงชูรส ทำให้ชูรสชาติได้ดีขึ้น ทำให้อาหารกลมกล่อมมากขึ้น	8	4	4	4	4	5	5	4	4	1	ผงชูรสอายิโนะโมะโต้ะ ทำให้อาหารปรุงอร่อยมากขึ้น	9	4	5	5	5	5	5	5	5	1	ผงชูรส ช่วยทำให้อาหารอร่อย เเละกลมกล่อมมากยิ่งขึ้น	7	4	4	4	4	4	4	4	4		1	ผงชูรส สามารถทำได้หลากหลายเมนู ช่วยทำให้อาหารอร่อยมากยิ่งขึ้น	7	4	5	4	5	4	5	4	1	5	3													1	3	4	5	9	10	11						3									4	13		8									2	1	C327082372_1-1-1-sg0qinzhtx8gvyyb115c9rk461	
100000606	1	1	1	4681	4681							75	5	1	2	26	2	1		1	2	1	3	3	1	2	3	4	5	6	7		1	2	3	4	5	6	7			1	2	4	5	6	7		3																												1	2	4	5	6	7				5	11	13	14	25																						2	3	4	7	9													3	1										1											13									13	13	13	13																	1		1																2			3	14	22																			4	11	23																					5	4																																																																																																																										7	8	1	2		5	4	3	2	3	4	4	4	4	2		8	3	3	3	3	4	4	4	4	2		7	4	4	3	4	3	3	3	4	2		7	3	4	3	4	4	3	3	4		2		8	3	4	4	4	3	4	3	5	1	4													1	3	6	9									5										8		9									2	1	C327082372_1-1-1-sgr2080lan93mzwhusc86yusmw	
100000287	1	1	1	4745	4745							11	2	2	2	21	2	1		1	2	2	4	3	1	2	3	4	5	6	7		1	2	3	4	5	6	7			1	4	5	6				3																												4									5	9	10	11	14	17	19																				6	21																3	1	2	9								2	9										13									13	13	13	13																	2		1	4															2			8																					6																							3	3																																																																																																																										6	6	4	2		5	4	3	4	3	3	4	4	3	2		5	3	3	3	3	3	4	4	3	2		5	3	4	3	4	3	4	4	3	2		4	3	3	3	3	3	3	3	3		2		6	3	4	4	3	4	4	3	1	5	2													3												4										13		8									2	1	C327082372_1-1-1-sgde94bzosjs68j78em3ws9q5z	
100000245	1	1	1	5566	5566							47	4	1	2	22	2	1		1	2	1	7	1	1	2	3	4	5	6	7		1	2	3	4	5	6	7			1	2	3	4	5	6	7	4																						3	5	5	3	4		4									2	4	6	9	10	11	17	19	22	24																	1	2	3	4	6	8	9	16	19	21								5	1	2	4	7	10	11	12				1	2	4	7								1	2	7							1	1	2	4	5	5					4																												1	4		1	2	3	4	6	8	9	10	11	14	15	16	22	23								3	6	7	15	16	19	22																	5	5	1	2	3	4	5	7	8	9							1	2	3	4																																									3	4	17																																																													8	9	2	1	ทอดมันใช้รสดี	9	4	4	4	4	4	4	4	4	1	บอกว่าสรรพคุณเป็นยังไง	8	4	3	5	4	4	4	5	4	1	เชิญชวนมาซื้อ	8	4	4	5	4	4	4	4	4	2		8	4	5	4	4	4	4	4	4		1	บอกโฆษณาสื่อถึงสินค้า	9	5	4	4	4	4	4	4	1	5	2													1	2	3	7	8	9	10						1									5	13		8									2	1	C327082372_1-1-1-sgyljgjeno5pc81hq692kvxaxn	
100000445	1	1	1	520	520							1	1		2	25	2	1		1	2	1	5	3	1	2	3	4	5	6	7		1	2	3	4	5	6	7			1	2	4	7				3																												1	4	7							5	9	10	11	12	13	14	19	22	25																	2	3	4	6	8	9	12	16	18	21								5	1	4									1											13									13	13	13	13																	1		1	2															1	1		1	2	4	6	9	11	16	23														1	2	3	8	23																			5	5																																																																																																																										8	8	3	2		8	4	4	5	3	5	4	4	4	2		4	3	3	4	2	3	3	3	3	2		5	3	3	4	3	3	3	4	3	2		1	2	3	2	2	3	3	3	3		1	ใช้ได้หลากหลายเมนู	9	4	5	5	5	5	5	5	1	5	2													1	2	8	10									2									4	8		9									2	1	C327082372_1-1-1-sgtsl9ujfn10mrjx5juaipxm1k	
100000350	1	1	1	9413	9413							15	2	1	2	20	2	1		1	1	2	2	4	1	2	3	4	5	6	7		1	2	3	4	6	7				2	3	4	6	7			4																						2	4	4	2												4	5	6	9	12	19	20																				1	2	3	4	7	8	9	21										4	1	2	9	10	11						1	2										2									2	2	1	2		4																																	2			2	3	4	6	8	9	11	15	17	21												7	8	12	14	20	23																		4	4															1	2	3	4	5	7	8	9	10																																																																																																			8	8	2	1	ทำไเ้หลายอย่าง	10	5	5	5	5	5	5	5	5	1	ความอูมามิ และกลมกล่อมของผงชูรส	8	5	5	5	4	5	5	4	5	1	ความอูมามิ	10	5	5	4	4	4	5	5	5	1	ความกลมกล่อมและอูมามิของผงชูรส	9	5	5	5	5	5	5	5	5		1	ความอร่อย และความอูมามิ	10	5	5	5	5	5	5	5	4	1	2													1	2	3	4	5	7	8	9	10				2									5	2		7									2	1	C327082372_1-1-1-sgulfde3ua42gph46cw4zndd8z	
100000216	1	1	1	685	685							1	1		2	27	2	1		1	3	1	6	2	1	2	3	4	5	6	7		1	2	3	4	6	7				1	2	3	4	6	7		4																						3	6	5	3	4		1									17	19	25																								1	2	8	9	20	21												4	1	3	4								1											1									1	1	13	1	5																																		1	6		1	3	8	9																		1	2																						4	4	1	3	5																																																																																																																							7	6	1	2		7	4	4	3	4	3	3	4	3	1	ใช้ง่ายเหมาะกับคนรุ่นใหม่	8	4	4	4	4	4	4	4	4	1	การทำอาหารเป็นการมอบความรักให้ผู้อื่นได้	6	4	4	4	4	4	4	4	4	1	ทำอร่อยได้ง่ายเหมาะกับคนรุ่นใหม่	6	3	3	3	3	3	3	4	3		1	ทำได้หลายเมนู	8	4	4	4	4	4	4	4	5	2	3													2	3											2									3	4		11									2	1	C327082372_1-1-1-sgg3hc5mp9s769qav0sxjx0be0	
100000039	1	1	1	8092	8092							1	1		2	26	2	1		1	1	1	8	1	1	2	3	4	5	6	7		1	2	3	4	5	6	7			1	2	3	4	5	6	7	4																						2	2	5	2												2	3	4	5	6	7	8	9	11	12	13	14	15	17	18	19	20	21	22	23	24	25					1	2	3	4	8	9	21											5	1	2	9								1	2										1									1	1	2	1	5																																		1	12		1	9	10	11	15																	3	8	9																					5	3	1	2	8																																																																																																																							6	6	2	2		8	4	5	4	4	4	5	5	5	2		8	4	4	4	5	4	4	4	4	2		7	4	4	3	4	4	5	4	4	2		8	4	4	4	4	4	4	5	4		1	สามารถทำได้หลากหลายเมนู	8	4	5	4	5	5	4	5	5	4	2													1	5	7	9									2									4	8		9									2	1	C327082372_1-1-1-sgwxws1zsfnric09jx5qmtwgsf	
100000152	1	1	1	2403	2403							1	1		2	23	2	1		1	2	1	4	3	1	2	3	4	5	6	7		1	2	3	4	5	6	7			1	2	3	4	5	6	7	4																						4	3	5	3	4		6									8	9	10	12	13	15	17	19	25																		1	2	3	6	8	16												4	1	2	9								1											1									1	1	2	1	5																																		1	5		9	10	23																			7	12	23																					4	4	1	3																																																																																																																								7	8	2	1	การใช้ผงชูรสในการปรุงอาหาร	6	4	4	4	4	4	4	4	4	1	คุณสมบัติ ข้อดีของผงชูรส	7	3	4	4	4	3	4	4	3	1	ข้อดีของผงชูรส	6	4	4	3	4	3	4	4	4	1	การใช้ในการปรุงอาหาร	8	3	3	4	4	4	4	3	4		1	สามารถใช้ผงชูรสทำอาหารได้หลากลาย	9	4	4	5	4	4	5	4	5	2	4													2	4	10										3									4	13		8									2	1	C327082372_1-1-1-sgri3da8k2qpyg0hp24ilqft9e	
100000180	1	1	1	7908	7908							15	2	1	2	37	3	3		1	1	1	7	1	1	2	3	4	6				1	2	3	6						1	2	3	6				4																						1	7	3	1										1		2	5	6																								1	3	4	7														5	1	10	12								1	10	12									1	10	12							1	1	10	1	3									3		3																							1	3		7	16	20	21																		7	11	19	22																				5	5	1	3	4	15																																																																																				4	7	9	10	14																														11	10	3	1	รสดีอร่อย สนุกทำอาหาร	10	5	5	5	5	5	5	5	5	1	อร่อย รสดีกลมกล่อม	10	5	5	5	5	5	5	5	5	1	ที่ดีที่สุด	10	5	5	5	5	5	5	5	5	1	ทำอาหารสนุกดี	10	5	5	5	5	5	5	5	5		1	อร่อย กลมกล่อม	10	5	5	5	5	5	5	5	4	1	2													1	2	3	4									1									5	1		9									2	1	C327082372_1-2-2-sgvbd36wo0jsqq5ipvomnouiyc	
100000634	1	1	1	933	933							47	4	1	2	48	3	1		1	2	1	3	3	1	2	3	4	5	6	7		1	2	3	4	5	6	7			1	2	3	4	5	6	7	4																						3	6	5	2												1	2	3	4	6	7	9	10	11	12	13	14	15	18	19	20											1	2	3															2	3										3											3									3	3	13	3			5																																1	1		3	15																				6	15																						2	2																													7	8																																																																																												3	7	2	2		5	5	5	5	5	5	5	5	5	2		3	3	3	2	4	3	3	4	4	2		3	3	4	3	4	4	4	4	3	2		4	4	4	5	5	3	4	2	3		2		5	3	3	3	4	4	4	3	1	4	3													1	2	3										5										10		9									2	1	C327082372_1-2-2-sgzxyh5f6dxf4ggw4dqq95th5y	
100000011	1	1	1	2877	2877							15	2	1	2	21	2	1		1	2	1	6	1	1	2	3	4	5	6	7		1	2	3	4	5	6	7			1	2	3	4	5	6	7	4																						2	6	5	1										1		2	4	5	6	7	8	10	12	17	19	23	25															1	2	3	6	8	9	16	20	21									4	1	2	4	9	12						1	2	4									1	2								2	2	9	2	4	5																																	1	12		1	3	6	11	14	15	16	22	23													1	2	3	16	22	23																		5	4	1	2	3	5	8	9	16								1	2	3	5	7	8	9	16																																																																																																				10	8	2	2		7	3	2	4	3	3	3	4	3	2		10	5	4	5	3	5	4	4	5	2		10	4	3	5	3	4	3	4	4	2		8	5	3	5	3	3	3	5	4		2		10	5	5	4	4	4	5	5	5	4	2													1	4	5	6	7	8	9	10					2									5	13		9									2	1	C327082372_1-1-1-sgdctbbcbqyxucp3b7w084emk2	
100000233	1	1	1	7155	7155							1	1		2	19	2	1		1	3	1	8	1	1	2	3	4	5	6	7		1	2	3	4	5	6	7			1	2	3	4	6	7		4																						4	3	5	3	4		1	2	4	7						2	4	5	6	7	8	10	12	15	18	19	20	21	24													1	2	3	16	21													4	1	4	7								1	4	7									1	4								1	1	4	1	5			5																															1	12		2	4	15	16	20	23																2	23																						4	3	1	2	3	16																																							2	4																																																																														9	10	3	1	โปรโมทรสดี ด้วยการทำทอดมัน แสดงส่วนผมต่าง ๆ และรสดีที่เป็นสินค้า	9	4	5	4	5	4	4	5	5	1	ร้อเพลง ทำให้น่าสนใจ พูดถึงความง่ายในการทำอาหารโดยใช้อายิโน๊ะโมโต๊ะ	10	4	4	5	4	5	5	5	4	1	การทำอาการง่าย ๆ โดยใช้อายิโน๊ะโมโต๊ะ ว่าสะดวก ใครก็ทำได้	10	4	5	5	4	4	5	5	4	1	ทำไข่เจียวง่ายๆ แค่ใสอายิโน๊ะโมโต๊ะ ที่เป็นจายโปรด	8	4	5	5	4	4	5	5	5		1	แสดงให้เห็นว่าอายิโน๊ะโมโต๊ะใช้ทำอาหารได้หขากหลาย	9	5	5	4	4	4	5	5	5	1	4													2	3	4	5	6	10							1									4	13		8									2	1	C327082372_1-1-1-sgq1eig8i9w4wewsnubiem6efv	
100000110	1	1	1	2015	2015							29	3	1	2	19	2	1		1	3	1	3	3	1	2	3	4	5	6	7		1	2	3	4	5	6	7			1	2	3	4	5	6	7	4																						2	4	5	3	4		4									5	17	19	25																							1	2	3	6	8	16	20	21										5	1	2	3	4	9						1	3										3									3	3	1	3			5																																1	8		2	6																				1	14																						5	5																													2	5	9																																																																																											11	9	2	2		10	5	3	5	2	5	5	5	5	2		8	4	3	5	2	5	4	4	5	2		10	4	3	5	2	4	4	4	4	2		7	3	4	4	2	4	3	4	4		2		9	5	5	5	4	4	4	4	5	1	2													1	2	5	9									4										13		8									2	1	C327082372_1-1-1-sgd6wq8z4j6ajegydtgzjzq5pl	
100000043	1	1	1	44	44							40	3	1	2	32	2	1		1	1	1	6	1	1	2	3	4	5	6	7		1	2	3	4	5	6	7			1	2	3	4	5	6	7	4																						3	2	5	2												4	5	7	9	12	14	15	19	21	25																	3	6	8	16														3	1										1											1									1	1	13	1	5																																		1	12		1	16	19	23																		1	6																						3	3	1	2	3																																																																																																																							7	6	1	2		6	4	3	4	3	4	3	5	2	2		6	3	4	4	3	4	4	4	4	2		5	3	2	4	2	4	4	4	4	2		7	4	3	4	3	4	3	4	4		2		7	4	3	3	4	3	5	4	4	5	2													1	2	3	5	7	9	10	11					4										3		9									2	1	C327082372_1-1-1-sg7pab5romht82ytu8vrv7p8xw	
100000424	1	1	1	9026	9026							60	4	1	2	21	2	1		1	1	1	3	3	1	2	3	4	5	6	7		1	2	3	4	5	6	7			1	2	3	4	5			4																						1	5	5	1										1		4	6	7	8	10	11	12	13	16	19	25																1	3	7	8														4	1	3									3											3									3	3	13	3			5																																1	3		7	8																				7	11	15	18	22																			4	4																													1	2	5	10																																																																																										7	6	4	2		8	4	3	4	4	4	3	4	3	2		10	5	4	4	5	4	4	5	5	2		8	4	5	4	5	5	4	4	4	2		7	4	5	5	4	4	5	4	4		2		9	4	4	4	4	5	5	4	1	4	3													1	2	7	9									5										13		8									2	1	C327082372_1-1-1-sgjyk36130ntgmrt1ire58c8hl	
100000140	1	1	1	4429	4429							1	1		2	27	2	1		1	3	1	3	4	1	2	3	4	5	6	7		1	2	6	7						1	2	6	7				2	4	14									1	2	5	10	12																						5	8	9	10	11	12	14	15	17	19	25																1	8	21															2	1	3	4	10							13											13									13	13	13	1																								4	8										2			1	6	7	8	9	23																3	6	23																					2	2																																																																																																																										5	6	4	2		7	4	3	4	3	4	4	5	4	2		8	4	3	5	4	4	3	4	4	2		8	4	5	4	5	4	3	5	4	2		5	3	2	2	1	2	3	4	2		2		7	4	4	4	4	3	4	4	1	2	5													1	2	3	7	9	10							2									4	8		9									2	1	C327082372_1-1-1-sgykc205svx6s1w3pbsket9g00	
100000081	1	1	1	4542	4542							39	3	1	2	21	2	1		1	2	1	3	3	1	2	3	4	5	6	7		1	2	4	6						2	4	6					2	14																																				12	19																									2	3	8															3	1										13											13									13	13	13	1																								4											2			8	10																				9																							4	3																																																																																																																										6	6	4	2		7	4	3	4	3	4	3	4	4	2		5	3	3	3	3	3	3	3	3	2		5	3	3	3	3	3	3	3	3	2		5	3	3	2	3	2	3	3	2		2		5	3	3	3	3	3	3	3	1	5	4													1	3	4										5										11		7									2	1	C327082372_1-1-1-sg3p49wxbhkyklnokczujsacjd	
100000052	1	1	1	4586	4586							45	3	1	2	24	2	1		1	2	1	4	3	1	2	3	4	5	6	7		1	2	3	5	6	7				1	2	3	6	7			4																						3	3	5	2												2	5	6	7	8	12	23	24	25																		1	4	8	9	19	20	21											5	1	2	4	7	9	10					1	2	4	7								1	2								1	1	4	1	5	4																																	1	1		2	7	8	9	11	15	16	23														6	7	11	12	16	19	21																	5	4	1	3	4	5											8	9																																																																																																										11	11	2	1	สูตรการทำทอดมันเห็ดที่แบบครบรสและอร่อย	9	5	4	5	5	5	5	5	5	1	แค่ช้อนเดียวก็เอาอยู่ทุกเมนู อร่อยกลมกล่อมดี	10	5	5	5	4	5	5	5	5	1	อร่อย กลมกล่อม รสชาติดี	9	4	4	5	5	4	4	4	4	2		9	4	5	5	4	4	4	5	5		1	สูตรการทำอาหารที่แสนอร่อยและการปรุงรส สิ่งดี ๆ จากอายิโนะโมะโต๊ะ	10	5	5	5	5	4	5	5	5	2	4													1	3	5	9	10	11							1									5	8		7									2	1	C327082372_1-1-1-sgp3i1kdz7ljpc0m6us1a7fize	
100000131	1	1	1	9488	9488							47	4	1	2	22	2	1		1	1	1	3	3	1	2	3	4	5	6	7		1	2	3	4	5	6	7			1	2	3	4	5	6	7	4																						4	2	5	2												11	12	14	17	19																						1	2	3	4	9													4	1	2	9	10	11						1	2										1									1	1	13	1	5																																		1	12		2	4	8	9	10	14																2	8	9																					4	3	1	2	3	5	8	9																																																																																																																				9	7	1	1	ความอร่อยและวิธีใช้	10	4	5	4	4	4	4	5	4	1	ความสนุกในการทำอาหาร	10	5	4	5	3	4	4	4	4	2		8	3	4	4	3	4	4	3	4	2		10	5	4	5	5	5	5	5	4		2		9	5	5	5	5	5	5	5	2	1	4													1	3	4	5	7								4										8		9									2	1	C327082372_1-1-1-sggjn8qcm9r175l1xhho06cih7	
100000426	1	1	1	6089	6089							51	4	1	2	22	2	1		1	1	1	8	1	1	2	3	4	5	6	7		1	2	3	4	5	6	7			1	2	3	4	5	6	7	4																						1	7	5	1										1		5	6	7	9	10	11	12	14	16	17	19	25															1	8	10															5	1	2	3	4	10						1	2	3	4								1	2	4							1	1	2	1	5	5		4																															1	3		6	15	19																			1	6	17																					5	5	2	4	14												4	5	15	16																									7	8	11																																																																													11	11	4	2		10	5	4	5	4	5	4	5	5	2		10	5	5	5	5	5	5	4	4	2		10	5	5	4	5	4	5	4	5	2		10	5	5	5	4	4	4	5	5		1	ผงชูรสใส่อาหารแบบไหนก็อร่อย	10	5	4	5	5	5	4	5	1	5	4													7	9	10										1									5	5		7									2	1	C327082372_1-1-1-sg10vyda484cgtzyw9q8hzscxq	
100000253	1	1	1	5730	5730							1	1		2	23	2	3		1	1	1	3	4	1	2	3	4	5	6	7		1	2	3	4	5	6	7			1	2	4					3																												4									5	6	11	12	13	14	17	18	19	20	25																1	2	3	4	6	7	8	9	10	12	16	17	18	19	20	21		4	1	7									1											13									13	13	13	13																	1		1																1	1		1	2	3	4	6	8	9	10	11	14	15	16	23									2	3	4	7	8	9	10	16	18	20	22													4	4																																																																																																																										11	11	3	1	รสดีสะดวกสบายต่อการใช้งาน และมีให้เลือกหลากหลายรสชาติ	10	5	5	5	5	5	5	5	5	1	ใช้อายิโนะโมะโต๊ะจะช่วยสร้างความมั่นใจในการทำอาหารให้อร่อยมากยิ่งขึ้นและอูมามิ	10	5	5	5	5	5	5	5	5	1	คือผงชูรสทำให้อาหารอร่อยทและอูมามิมากขึ้น	10	5	5	5	5	5	5	5	5	1	ใช้อายิโนะโมโตะช่วยทำให้ปรุงอาหารง่ายขึ้นแบะสะดวก	10	5	5	5	5	5	5	5	5		1	เพื่อกระจายข่าวถึงสินค้าอย่างอายิโนะโมะโต๊ะที่อยู่กับคนไทยมาแสนนานเพื่อสร้างอาหารให้รสชาติอร่อย	10	5	5	5	5	5	5	5	2	1	5													1	2	3	4	5	6	7	8	9	10	11		1									5	8		9									2	1	C327082372_1-1-1-sgl9zoe37neshwf6o4cfx2yy1i	
100000139	1	1	1	1295	1295							1	1		2	31	2	1		1	2	1	5	3	1	2	3	4	5	6	7		1	2	3	4	5	6	7			1	2	4	5	7			3																												4	7								10	13	15	18	19	20	21	22	25																		2	3	6	8	9	16	21											5	1	3	4	7							1	3										13									13	13	13	13																	3		1																1	4		8	9	14	15	16	22	23															2	3	8	14																				5	5																																																																																																																										11	11	1	1	ใช้ปรุงอาหารสะดวก รสชาติดลมกล่อม ใช้ได้กับหลายเมนู	9	4	5	5	5	5	5	5	5	1	วิธีใช้ปรุงอาหาร สะดวก ง่าย เร็ว	9	4	4	4	4	4	4	4	4	1	ลดโซเดียม แต่ยังกลมกล่อม	9	4	4	5	4	5	5	4	5	2		10	5	5	5	4	5	4	4	4		1	ทำได้หลายเมนู	10	5	5	5	5	5	5	5	5	1	4													1	3	6	7									2									4	8		10									2	1	C327082372_1-1-1-sgtf3ov4y2g788suimabq1q9m9	
100000441	1	1	1	500	500							1	1		2	23	2	3		1	1	1	6	2	1	2	3	4	5	6	7		1	2	3	4	5	6	7			1	2	3	4	5	6	7	4																						5	2	5	2												4	5	10	21	23	25																					1	2	3	4	8	21												4	1	2	4	10							1	2										2									2	2	1	2		4																																	1	3		1	4	8	11	23																	1	8	14																					5	4															1	2	4	5	8	9																																																																																																						9	9	1	1	การใช้ผงปรุงรสอายิโน้ะโมโตะกับอาหาร ปรุงง่ายขึ้น ลดขั้นตอน	10	5	5	5	5	5	5	5	5	2		8	4	4	4	4	4	4	5	4	2		7	3	3	4	3	3	4	4	4	2		8	4	5	5	5	4	4	5	4		2		10	5	4	4	5	5	5	5	1	5	2													1	2	3	4	5	6	7	8	9				2									5	2		9									2	1	C327082372_1-1-1-sgddalg5b8n6bpkqv00drv247b	
100000031	1	1	1	9597	9597							15	2	2	2	24	2	1		1	3	1	2	4	1	2	3	4	5	6	7		1	2	3	4	5	6	7			1	2	3	4	6	7		4																						3	3	5	2												10	11	12	13	15	17	19	25																			1	2	3															4	1										1											1									1	1	13	1	5																																		1	6		1	2	4	8	14	15	20	22	23													1	3	23																					4	4	1	2	4	5	9	15																																																																																																																				6	8	1	1	ผงชูรสช่วยให้อาหารมีรสชาติอร่อยกลมกล่อม	9	4	4	5	4	4	5	5	5	1	อายิโนโมโตะทำให้การทำอาหารมั่นใจขึ้น	10	5	5	5	5	5	5	5	5	1	ทำอาหารสนุกก	10	5	5	5	5	5	5	5	5	1	อายิโนโมโตะทำให้อาหารกลมกล่อม	10	4	4	5	4	4	5	4	4		1	ทำได้ทุกเมนู	10	4	4	4	4	4	4	4	2	5	3													1	2	9										2									4	8		9									2	1	C327082372_1-1-1-sgl9qkjkykzftu63xjt77oda02	
100000109	1	1	1	8218	8218							1	1		2	25	2	3		1	3	1	5	3	1	2	3	4	5	6	7		1	2	5	6	7					1	2	7					2	2	3	4	10							1	2	5															1	2	7	8			น้ำตาล			5	6	7	8	10	11	15	19	20	22	25																2	3	8	9	16													4	1	2	4	12							13											13									13	13	13	1																								1	3	4									1	2		2	8	11	12	16	20																4	11	15	20																				4	4																																																																																																																										9	11	2	1	รสอายิโนะโมโต๊ะ รสดี	8	3	3	4	3	3	3	4	3	1	อายิโนะโมโตะ	9	4	4	5	4	4	4	5	4	1	อายิโนะโมโต๊ะ	9	5	4	4	4	5	4	4	4	1	อายิโนะโมโต๊ะ	8	3	3	4	3	3	4	4	3		1	การทำเมนู ด้วยอายิโนะโมโต๊ะ	9	5	5	4	4	5	5	5	2	3	5													2	4	5	6	10								2									4	8		9									2	1	C327082372_1-1-1-sgysdu6fzeh2v6zqdex3dvkiqn	
100000549	1	1	1	67	67							32	3	1	2	23	2	1		1	2	1	4	3	1	2	3	4	5	6	7		1	2	3	4	5	6	7			1	2	4	5	6	7		3																												1	2	4	5	6	7				5	17	18	20																							1	2	3	21														2	1	2									1	2										13									13	13	13	13																	1		2	3															1	5		8	9	11	15	16	23																3	8	9	23																				3	3																																																																																																																										9	11	3	2		10	4	4	4	4	4	4	4	5	2		10	3	4	4	4	3	4	4	4	1	อร่อยมากขึ้น	5	3	4	4	3	4	3	4	3	2		6	3	4	5	3	4	4	4	4		1	ประกวดการปรุงอาหาร	5	4	4	5	4	4	5	4	1	5	4													1	2	3	6	7								2									4	8		9									2	1	C327082372_1-1-1-sg7m27e8kdkt25qm07kxwgvuk2	
100000103	1	1	1	1920	1920							1	1		2	31	2	3		1	1	1	8	1	1	2	3	4	5	6	7		1	2	3	4	5	6	7			1	2	3	4	5	6	7	4																						1	5	5	2												2	3	5	12	15																						1	3	4															5	1	2									1	2										1									1	1	2	1	5																																		1	1		7	9	23																			7	10	11																					5	3	1	3	5																																																																																																																							9	8	2	1	ทำทอดมัดเห็ดแสนอร่อยด้วยรสดี	9	5	5	5	5	5	5	5	4	1	ใช้ผลิตภัณฑ์นร้ช่วยให้รสชาติอร่อยอร่อยและกลมกล่อม	10	5	5	5	4	5	5	4	4	1	ช่วยให้การทำอาหารเป็นเรื่องง่ายด้วยอายิโนะโมะโต๊ะ	8	4	4	4	4	5	4	4	5	1	ช่วยให้อาหารอร่อย	9	5	4	4	5	4	5	4	4		1	เมนูอาหารแสนอร่อยด้วยอายิโนะโมะโต๊ะ	9	5	5	4	5	5	5	4	1	5	4													1	2	3										2									4	8		8									2	1	C327082372_1-1-1-sgunw0wj9wi9bzvoyhcvsts04a	
100000392	1	1	1	3522	3522							1	1		2	31	2	3		1	1	1	8	1	1	2	3	4	5	6	7		1	2	3	4	5	6	7			1	2	3	4	5	6	7	4																						1	5	5	2												5	12	14	17																							1	3	7	8														5	1	2	3	4	7	9	10	11	12		1	2	3									1	2	3							1	1	13	1	5	4	4																																1	1		1	6	8																			1	8																						5	5	1	3	5												1	3													1	3																																																																																												11	11	1	1	ปรุงอาหารด้วยรสดี	10	5	5	5	5	5	5	5	5	1	อายิแพนด้า	10	5	5	5	5	5	5	5	5	1	เติมรักด้วยอายิโนะโมะโต๊ะ	10	5	5	5	5	5	5	5	5	1	รสกลมกล่อมด้วยอายิโนะโมะโต๊ะ	10	5	5	5	5	5	5	5	5		1	อายิโนะโมะโต๊ะ	10	5	5	5	5	5	5	5	2	1	4													3	4	10										1									5	6		9									2	1	C327082372_1-1-1-sgkzbb57lvhoahlifd0aa3qgks	
100000184	1	1	1	10765	10765							1	1		2	21	2	1		1	1	1	3	4	1	2	3	4	5	6	7		1	2	6	7						1	2	7					2	4										1	2																									2	9	10	11	12	17	19																				17																	3	1	2									13											13									13	13	13	13																								2	3	4									2			9	11	14																			17																							3	3																																																																																																																										7	8	3	2		10	5	4	5	3	5	4	5	5	1	อายิโนะโมโต๊ะ	6	3	4	4	3	3	3	4	3	1	อายิโนะโมโต๊ะ	8	4	4	4	3	4	3	4	4	2		6	4	4	4	3	3	3	4	3		1	เมนูหลากหลายจากอายิโนโมโต๊ะ	9	5	5	5	4	4	5	5	5	1	3													1	2											2									4	8		8									2	1	C327082372_1-1-1-sgqpxxuiiix9fhdnsza71ibo8o	
100000223	1	1	1	8362	8362							1	1		2	22	2	3		1	3	1	5	3	1	2	3	4	5	6	7		1	2	3	4	5	6	7			1	2	3	4	5	6	7	4																						4	4	5	3	3		2	4								3	5	6	7	9	11	12	13	14	17	19	20	24														1	2	3	6	7	8	12	16	18	19								4	1	2	9								1	2	9									1									1	1	2	1	5																																		1	11		2	3	4	6	14	15	23															7	8	9	10	17	23																		5	4	1	2	3	5	8	9	14	15	17																																																																																																																	11	11	1	1	ผงชรูรสใข้ง่ายในทุกเมนู และยังทำให้รสชาติกลมกล่อม ไม่ว่าจะเป็นเมนูใดๆ	8	4	4	5	3	4	4	4	4	1	ผสานรสชาติเมนูอาหารให้มีความกลมกล่อม ตัวช่วยในการประกอบอาหาร	7	4	3	4	4	4	5	4	5	1	ใช้ศิลปินที่คนรุ่นใหม่ชื่นชอบใช้เป็นตัวกลางในการเสนอผลิตภัณฑ์กับคนรุ่นใหม่และเพิ่มความเข้าถึงง่ายด้วยการมีตัวมาสคอต	9	4	4	4	4	4	4	4	4	1	หนึ่งมื้อกับเมนูง่ายๆจากวัตถุดิบภายในครัวเรือนก็สามารถเพิ่มผงชูรสเพิ่ทความกลมกล่อมของรสชาติ	9	4	4	4	4	3	4	4	5		1	มาสคอตช่วยให้เป็นจุดสนใจของคนรุ่นใหม่	10	5	4	4	4	4	4	4	5	1	4													1	2	3	4	6	7	9						2									5	10		9									2	1	C327082372_1-1-1-sgchsdw200mdusaypwecmpapnz	
100000501	1	1	1	3824	3824							1	1		2	28	2	1		1	3	1	6	2	1	2	3	4	5	6	7		1	2	3	4	5	6	7			1	2	3	4	5	6	7	4																						6	3	5	2												4	5	6	7	9	10	12	13	15	21	23	25															1	2	3	6	8	9	18	20	21									3	1	2	7	9	10	11	12				1	2	7	11								1									1	1	2	1	5																																		1	1		3	8	10	14	15	22	23															3	9																						4	3	1	2	3	4	5	7	8	9	16																																																																																																																	10	11	2	1	อายิโนะโมโต๊ะ รสดี	7	4	5	4	4	4	5	4	4	1	อายิโนะโมโตะ	8	5	4	4	5	5	5	4	4	1	อายิโนะโมโต๊ะ	9	4	5	4	5	4	5	5	4	1	อายิโนะโมโต๊ะ	8	4	5	4	4	5	4	5	5		1	อายิโนะโมโต๊ะ ทำง่าย	9	4	5	5	4	5	4	4	2	5	1													1	2	3	4	5	7	9	10					1									4	8		9									2	1	C327082372_1-1-1-sgzo0253qoqzvd37zei4gnzcqs	
100000316	1	1	1	7234	7234							47	4	1	2	29	2	3		1	3	1	9	1	1	2	3	4	5	6	7		1	2	3	4	5	6	7			1	2	3	4	5	6	7	4																						3	3	5	2												4	8	12	15	19	20																					1	2	3	4	6	7	8	9	10	12	16	17	18	20	21			5	1	2	4	9							1	2	4	9								1									1	1	13	1	5																																		1	10		1	2	3	4	6	7	8	9	10	11	12	14	15	16	17	20	22	23				1	2	3	6	7	8	9	11	12	14	17	20	22	23										5	5	1	2	3	4	5	7	8	9	10	15	16																																																																																																															11	11	2	2		7	3	3	3	4	3	4	4	3	2		8	3	4	4	4	3	5	4	3	2		8	3	3	3	4	3	5	4	3	2		8	3	4	4	4	3	5	4	4		2		9	4	4	4	4	4	4	4	5	4	1													1	2	3	4	5	7	9	10					4										5		9									2	1	C327082372_1-1-1-sgzhnzq0x7q7hrsmni985myxnr	
100000280	1	1	1	3735	3735							1	1		2	34	2	3		1	1	1	4	3	1	2	3	4	5	6	7		1	2	3	4	5	6	7			1	2	3	4	5	6	7	4																						1	7	5	2												2	3	4	5	6	7	8	10	11	12	13	14	15	17	18	20	21	22	23	24	25						1	4	8	10	17													5	1	3	4	7							1	3	4	7								3	4	7							4	4	1	1			5	5			4																												1	4		6	14	15	16	22																	2	4	15	19	22																			5	5																													3	5	9	11	15										2	3	5	8	10												3	5	8	10	11																																																											10	9	3	1	อายิโน๊ะโมโต๊ะ น่าทานมากค่ะ	9	5	5	4	5	5	5	5	4	1	ชอบนะน่ารักดีทำกับข้าว อายิโน๊ะโมโต๊ะ	9	5	4	4	5	4	5	5	5	1	อายิโน๊ะโมโต๊ะ	9	5	4	5	4	5	4	5	4	1	อร่อยไม่ต้องปรุงเยอะลดโซเดียม	9	5	5	5	5	5	5	5	5		1	ใช้แล้วประหยัดเครื่องปรุงโซเดียมต่ำ	8	5	5	5	5	5	5	5	2	5	1													2	5	7	9									1									5	7		9									2	1	C327082372_1-1-1-sg8d7itql5nwmkz9gh9jjgx2h8	
100000593	1	1	1	1867	1867							1	1		2	26	2	2		1	3	1	7	1	2	3	4	5					2									2							2	5	10																																			10	11	14																								6	8	17															3	1	4	7								13											13									13	13	13	1																								4											1	10		4	9	11																			7	8																						4	4																																																																																																																										9	9	1	1	ผลิตภัณฑ์มีข้อดี	7	4	4	4	5	4	5	4	4	2		9	4	4	4	5	5	4	5	5	1	เสนอผลิตภัณโดยใช้ความสนุกสนาน	10	5	5	5	5	5	5	5	4	2		8	4	4	4	4	4	4	4	4		1	นำเสนอผลิตภัณฑ์ให้เข้ากับยุคสมัย	8	5	4	5	5	5	5	4	5	1	4													4	6											4										8		10									2	1	C327082372_1-1-1-sg3ts5stu85jhgzislklhvvydm	
100000663	1	1	1	8043	8043							4	1		2	21	2	1		1	1	1	5	3	1	2	3	4	5	6	7		1	2	3	4	5	6	7			1	2	4					3																												4									14	19	25																								1	2	3	6	8	9	16	21										5	1	3	9								1	3										13									13	13	13	13																	1		4																1	9		1	2	3	4	6	7	8	9	11	14	15	16	22	23								1	3	4	7	8	9	10	11	16	18	19	21	22	23										5	5																																																																																																																										10	11	2	1	รสดีช่วยในการปรุงรสแค่เพียง 1 ช้อนชา	9	4	5	5	4	5	5	5	5	1	ผงชูรสคือ must have item ที่ขาดไม่ได้	10	5	4	5	4	5	4	5	5	1	ผงชูรสช่วยลดโซเดียมจากการปรุงอาหารเยอะๆ	10	5	5	5	4	5	5	5	5	1	ผงชูรสผสานรสให้เข้มข้นกลมกล่อม	10	4	4	3	3	4	5	5	3		1	บอกว่าอายิโนะโมโตะสามารถทำได้หลากหลายเมนู	10	5	3	5	5	5	5	4	1	5	2													1	2	3	8	9	10	11						1									5	8		9									2	1	C327082372_1-1-1-sgwqvpzqkjakai45gvgcmv7iog	
100000422	1	1	1	863	863							1	1		2	33	2	1		1	3	2	4	3	1	2	3	4	5	6	7		1	2	3	4	5	6	7			1	2	3	4	5	6	7	4																						3	3	5	3	2											3	5	12	14	15	19	20	21	25																		1	3	8	9	20	21												4	1	3	4	7							1	3	4	7								1									1	1	13	1	5																																		2			1	2	3	7	8	9	10	11	14	15	17	20	23									1	2	9	23																				4	3	2	3	5	7																																																																																																																						6	1	2	2		10	4	5	5	5	5	5	5	4	2		1	2	3	2	3	3	4	3	2	2		4	3	3	3	3	3	4	4	3	2		10	4	4	5	3	4	4	5	4		2		9	4	5	4	4	5	5	4	1	5	4													1	2	3										4										2		9									2	1	C327082372_1-1-1-sgqttrnir7e0ry1y0b9vpqjz99	
100000542	1	1	1	6379	6379							1	1		2	26	2	1		1	1	1	4	3	1	2	3	4	5	6	7		1	2	3	4	5	6	7			1	2	3	4	5	6	7	4																						2	6	5	1										1		2	4	5	7	8	14	17	18	19																		4	6	8	17	18													5	1	2	4	7	10						1	2	4	7	10							1	2	7							1	1	4	1	5	5					5																												1	9		1	4	6	8	23																	1	2	4	9																				5	5	1	2	3	5											1	2	3																																										1	2	3	5																																																												11	11	1	1	นำเสนออาหารที่ปรุงรสด้วยผงชูรส	10	5	5	5	5	5	5	5	5	1	นำเสนอผงชูรส ความกลมกล่อมหลังใช้	10	5	5	5	5	5	5	5	5	1	มาสคอต เอามาเพื่อเพิ่มยอดขาย	10	5	5	5	5	5	5	5	5	1	ใช้ผงปรุงรสไม่เยอะอาหารก็อร่อย ใส่เพื่อเพิ่มความอร่อย	10	5	5	5	5	5	5	5	5		1	นำเสนอผงชูรส	10	5	5	5	5	5	5	5	1	3	5													1	3	9	10									1									5	8		9									2	1	C327082372_1-1-1-sg0s77prhurjta3w13mnj365n8	
100000102	1	1	1	9777	9777							47	4	1	2	22	2	1		1	1	1	6	1	1	2	3	4	5	6	7		1	2	3	4	5	6	7			1	2	3	4	5	6	7	4																						3	3	5	1										1		3	4	5	7	8	9	10	11	12	14	15	17	18	19	20	21	22	23	24	25							1	3	6	8	9	16	21											5	1	2	3	4	7	9	10	11	12		1	3	4	10	12							1	4								1	1	3	7	5			5																															1	6		1	2	3	6	8	9	15	16	23													1	2	3	4	6	15																		5	5	1	3	5	7	8	9	14																																				1	3	7	8	9	14																																																																										10	11	1	1	การทำอาหารด้วยผงปรุงรส	10	5	4	5	5	5	5	5	5	1	การทำอาการโดยใช้ผงชูรส	10	5	5	5	5	5	5	5	5	1	การโชว์ทำอาหาร และบอกข้อมูลสินค้า	10	5	5	5	5	5	5	5	5	1	การแสดงวิฑีทำอาหารโดยใช้ผงชูรส	10	5	4	5	5	5	5	5	5		1	โปรโมทสินค้า	10	5	5	5	5	5	5	5	2	1	3													1	2	3	4	5	6	7	9	10	11			1									5	8		9									2	1	C327082372_1-1-1-sgk5j9okczal6eudufgnmlb00e	
100000132	1	1	1	2377	2377							48	4	2	2	22	2	5		1	2	1	3	3	1	2	3	4	5	6	7		1	2	3	4						1	2	3	4				4																						1	1	5	3	3		4									5	6	7	10	17	18	19	20	25																		1	2	3	4	6	8	9	10	16									5	1										1											1									1	1	13	1	5																																		1	9		1	2	3	4	6	8	9	10	11	12	15	16	21	22	23							8	11	15	17	18	20	21	22																5	3	1	2	3	4	5	7	8	9																																																																																																																		9	11	4	2		10	4	3	4	3	4	4	4	4	2		7	3	4	3	4	3	3	3	3	2		8	3	5	3	4	3	3	4	3	2		10	4	3	3	3	3	4	4	3		2		10	4	4	5	5	5	5	5	5	1	4													1	3	9	10									2									4	2		9									2	1	C327082372_1-1-1-sgaghbihdaz7mhn9nulm2oqs2f	
100000568	1	1	1	5681	5681							1	1		2	29	2	1		1	3	1	9	1	1	2	3	4	5	6			1	2	3	4	5	6				1	2	3	4	5			4																						3	2	5	2												5	6	7	10	15	19	25	26																		อาหารตะวันตกและอาหารเกาหลี	1	3	4	6	8	9	10	21										5	1	2	3	4	7						1	2	3	4								1	2	3							1	1	3	1	5	4	4																																2			1	2	3	6	8	9	11	14	15	22	23											2	8	14	22	23																			5	5	1	2	3	5	7	8	9								1	2	3	8											1	2	3	8																																																																																										8	1	1	2		6	3	4	3	3	3	4	4	3	2		1	3	3	2	3	3	3	3	2	2		5	3	3	3	3	3	4	3	3	2		8	3	4	3	4	3	3	4	3		2		9	4	2	3	3	4	2	4	1	4	5													1	3	7	9									5										8		9									2	1	C327082372_1-1-1-sgmetkfsygu6nzifbgertmhvmp	
100000117	1	1	1	3408	3408							32	3	1	2	26	2	3		1	1	1	8	1	1	2	3	4	5	6	7		1	2	3	4	5	6	7			1	2	3	4	5	6	7	4																						1	5	5	1										1		2	5	7	9	10	11	15	17																			1	3	4	16														5	1	2									1	2										1									1	1	2	1	5																																		1	2		3	15	16	19	23																	3	16	17	19																				5	5	1	2	3	5	7	8																																																																																																																				11	9	1	1	ผงชูรสอายิโนะโมโตะ	10	5	4	5	4	4	4	5	4	1	ผงชูรสอายิโนะโมโตะ	9	4	4	4	4	4	4	4	4	1	ผงชูรสอายิโนะโมโตะ	9	4	4	4	4	5	5	5	4	1	ผงชูรสอายิโนะโมะโต๊ะ	10	4	5	5	5	5	4	5	5		1	โปรโมชั่นของผงชูรสอายิโนะโมะโต๊ะ	10	5	5	5	5	5	5	4	5	4	3													1	2	3	4									1									5	8		9									2	1	C327082372_1-1-1-sgs2pmv9fr1q8yhqr7wev3q20k	
100000432	1	1	1	9080	9080							1	1		2	20	2	1		1	2	2	3	4	1	2	3	4	5	6	7		1	2	3	4	5	6	7			2	3	4	6	7			4																						2	4	4	2												12	17	25																								1	2	6	8	9	10												5	1	2									1	2										1	2								1	1	13	1	4	3																																	1	3		1	2	16	23																		14																							5	4	1	2	3	5											1	2	4	7																																																																																																								10	10	1	1	การใช้ผงชูรสในการประกอบอาหาร	9	4	4	5	4	4	4	4	4	1	อายิโนะโมโต๊ะ ใช้กับกี่เมนูก็เอาอยู่	10	5	5	5	5	5	5	5	5	1	ช่วยลดโซเดียมด้วย โพก้าซังกับพี่เตน่ารักมาก	10	5	5	5	5	5	5	5	5	2		9	5	5	5	5	5	5	5	5		1	อายิโนะโมะโต๊ะใช้ดีใาก	10	5	5	5	5	5	5	5	2	3	4													1	3	4	6	8	9							2									4	13		8									2	1	C327082372_1-1-1-sgu9iqp9hraoqwqb2d7zhidbyl	
100000619	1	1	1	10628	10628							5	2	1	2	21	2	1		1	2	1	6	1	1	2	3	4	5	6	7		1	2	3	4	5	6	7			1	2	3	4	5	6	7	4																						5	1	5	3	4		4									5	9	20																								1	2	3	8	9	19												2	1	4									1	4										1									1	1	4	1	5																																		2			6	7	8	9	11	15	22	23														3																							4	3	1	2	3	5	8	9																																																																																																																				10	10	2	2		10	5	5	5	5	5	5	5	5	1	ผงชูรสอูมามิ ผสานรักให้กลมกล่อม	10	5	4	5	4	5	5	5	5	1	My secret dish with อายิโนะโมโต๊ะ	10	5	4	5	4	5	5	5	5	2		10	5	5	5	3	4	5	5	4		2		10	5	5	5	5	5	5	5	5	2	1													1	2	3	4	5								2									4	13		9									2	1	C327082372_1-1-1-sg8czsqeo58ezvvnpkx72e25on	
100000288	1	1	1	9517	9517							1	1		2	26	2	1		1	3	1	3	4	1	2	3	4	5	6	7		1	2	3	4	5	6	7			1	2	3	4	5	6	7	4																						1	2	5	1										1		9	21	22																								1	3	6	8	16													5	1	3									1											1									1	1	13	1	5																																		1	4		1	3	4	16	23																	1	4	9	16	20	23																		5	4	1	2	3	4	5	7	8	9	10	11	16																																																																																																															8	11	1	1	รสดีเห็ดหอม	10	5	5	5	5	5	5	5	4	1	การปรุงอาหารด้วยอายิโนโมโตะ	8	4	5	5	5	5	5	5	5	1	ผลิตภัณฑ์ปรุงอาหาร อายิโนโมโตะ	9	4	5	5	4	5	5	5	4	1	เพิ่มรสชาติด้วยผงชูรส	8	4	4	5	4	5	4	4	4		1	ผงชูรสใช้ได้หลายเมนู	10	4	4	5	4	4	5	5	1	5	3													1	2	3	4	5	6	9						2									4	2		8									2	1	C327082372_1-1-1-sgq8gd61xt1s155km41djenmhd	
100000296	1	1	1	8667	8667							1	1		2	29	2	2		1	3	1	9	1	1	2	3	4	5	6	7		1	2	3	4	5	6	7			3	4	5	6	7			4																						1	3	5	2												4	7	8	10	12	19																					1	3	4	6	8	9	16											5	1	3	4	12							1	3	4	12								1									1	1	13	1	5																																		1	16	polcasan	1	4	6	8	9	11	15	22	23													1	2	8	11	14	20	23																	5	5	1	2	3	5	7	8	16																																																																																																																			10	10	3	1	สูตรการทำทอดมันเห็ด โดยมีส่วนผสมของอายิโน๊ะโมโต๊ะ	10	5	5	5	4	5	5	5	5	1	อายิโน๊ะโมโต๊ะคือตัวช่วยความมั่นใจในการทำอาหาร ใส่ในอาหารแล้วทำให้มีรสชาติอูมามิ ใครทำอาหารก็อร่อย	9	5	4	5	5	4	4	4	4	1	เป็นคลิปครอบครัวโพกาซังและอายิแพนด้า อายิโนะโมโต๊ะช่วยทำให้อาหารมีความกลมกล่อมและปรุงอาหารอร่อยและสนุกมากขึ้น	10	5	5	5	5	5	5	4	5	1	รีวิวการทำกับข้าวโดยใช้ผงชูรสอายิโนะโมโต๊ะ ทำให้อาหารกลมกล่อมและอูมามิมากขึ้น	10	4	5	4	4	5	4	5	5		1	สูตรอาหารต่างๆที่สามารถทำได้โดยใช้ผงชูรสอายิโน๊ะโมโต๊ะ	10	5	5	5	5	5	5	5	3	2	1													1	2	3	5	7	9							1									5	8		9									2	1	C327082372_1-1-1-sgqq8ekakbh4vmxulv9cyyc5i8	
100000369	1	1	1	3261	3261							2	1		2	29	2	1		1	1	1	5	3	1	2	3	4	5	6	7		1	2	3	4	6	7				1	2	6	7				3																												1	2	4	6	7					5	9	10	11	14	17	18	19	20	25																	1	3	8	21														3	1	4									1											13									13	13	13	13																	1		1	5															1	12		1	8	9	10	11	14	15	23														24																						เคยเห็นผ่านๆ	4	3																																																																																																																										5	5	2	2		9	5	5	4	4	4	4	5	4	2		4	3	4	3	3	3	3	4	3	2		5	3	4	3	3	3	4	4	3	2		8	4	5	4	3	4	3	5	3		2		6	4	4	4	4	4	4	3	1	4	5													1	2	3	4	6								4										2		9									2	1	C327082372_1-1-1-sgafvap2w2h8ao0optt6jknak9	
100000027	1	1	1	7594	7594							15	2	1	2	20	2	1		1	3	1	8	1	1	2	3	4	5	6	7		1	2	3	4	5	6	7			1	2	4	5	6	7		3																												1	2	4	5	6	7				5	6	7	9	11	14	15																				1	2	3	6	8	9	16	20	21									4	1	2									1											13									13	13	13	13																	1		1	3	5														2			1	2	3	4	6	8	9	10	11	14	20	23										1	3	6	9	11	19	20	23																4	3																																																																																																																										9	7	1	2		6	4	4	5	3	4	4	5	4	2		8	4	4	4	3	4	4	4	3	2		7	4	3	4	4	4	4	5	3	2		6	3	3	4	3	3	3	5	3		2		7	4	4	4	4	5	5	4	1	5	2													1	2	3	4	5	6	7	9	10				4										13		8									2	1	C327082372_1-1-1-sgl6nhhk5bd17ck8lym9a77yei	
100000458	1	1	1	4217	4217							1	1		2	22	2	1		1	2	1	11	1	1	2	3	4	5	6	7		1	2	3	4	5	6	7			1	2	3	4	5	6	7	4																						3	1	5	2												2	4	5	6	7	8	9	10	11	12	14	15	17	19	20	25											1	3	4	6	8	9	10	16	20	21								4	1	2	3	4	7						1	2	3	4								1									1	1	3	1	5																																		1	12		1	2	3	4	6	7	8	9	10	11	14	15	16	20	22	23						1	2	3	4	6	8	9	14	16	20	22	23												5	4	1	2	3	4	5	7	8	9																																																																																																																		11	9	4	2		10	5	4	5	4	5	5	5	5	2		10	5	4	5	5	5	5	5	5	2		10	5	5	5	5	5	5	5	5	2		9	4	4	4	4	4	4	5	4		2		10	5	5	5	4	5	5	4	5	4	2													1	2	3	4	7	9	10						2									4	2		9									2	1	C327082372_1-1-1-sgjo7fix0i5jgm7u5dwzffn2xu	
100000514	1	1	1	8986	8986							74	5	1	2	25	2	1		1	2	1	4	3	1	2	3	4	5	6	7		1	2	3	4	5	6	7			1	2	3	4	5	6	7	4																						2	2	5	3	4		1	2								5	7	8	9	10	11	15	17	18	20	23	25															1	3	8	9														4	1										1											1									1	1	13	1	5																																		1	3		11	20	22																			1	2	11	21																				5	5	1	4	14																																																																																																																							11	11	4	2		10	5	5	5	5	5	5	5	5	1	รสชาติกลมกล่อม	10	5	5	5	5	5	5	5	5	1	รสชาติกลมกล่อม	10	5	5	5	5	5	5	5	5	2		10	5	5	5	5	5	5	5	5		1	รสชาติ โซเดียม	10	5	5	5	5	5	5	5	3	1	2													1	2	11										1									5	2		9									2	1	C327082372_1-1-1-sguekvvsor4if6bwn2apj1aazo	
100000234	1	1	1	6061	6061							1	1		2	32	2	3		1	1	1	5	3	1	2	3	4	5	6	7		1	2	3	4	5	6	7			1	2	3	4	5	6	7	4																						1	5	5	1										1		1	2	3	4	5	6	7	8	9	10	11	12	13	14	15	16	17	18	19	20	21	22	23	24	25		1	2	3	4	6	7	8	9	10	12	16	17	18	19	20	21		5	1										1											1									1	1	13	1	5																																		2			1	2	3	4	6	7	8	9	10	11	12	14	15	16	17	18	19	20	21	22	23	1	2	3	4	6	7	8	9	10	11	12	14	15	16	17	18	19	20	21	22	23			5	5	1	2	3	4	5	7	8	9	10	11	14	15	16	17																																																																																																												11	11	3	1	การทำอาหารพี่ไม่ต้องยุ่งยาก	10	5	5	5	5	5	5	5	5	2		10	5	5	5	5	5	5	5	5	2		10	5	5	5	5	5	5	5	5	2		10	5	5	5	5	5	5	5	5		2		10	5	5	5	5	5	5	5	1	4	5													1	2	3	4	5	6	7	9	10	11			3									5	2		9									2	1	C327082372_1-1-1-sgtj30evx3ywa6oyozzmrd50zp	
100000224	1	1	1	3915	3915							1	1		2	22	2	1		1	1	1	8	1	1	2	3	4	5	6	7		2	3	4	5	6	7				2	3	4	7				4																						3	2	5	2												3	5	9	10	12	14	25																				2	3	6	8	9	16	21											4	1	2	10								1											1									1	1	2	1	5																																		1	12		1	6	8	9	11	15	16	23														1	6	11	16																				4	4	1	2	3	5	7	8	9	15																																																																																																																		9	9	2	1	ใช้ผลิตภัณฑ์เป็นส่วนหนึ่งในการประกอบอาหาร	10	5	5	5	3	5	4	5	5	1	เพิ่มความมั่นใจในการปรุงอาหาร	7	4	5	4	3	4	4	5	3	1	ช่วยลดโซเดียมในการปรุงอาหาร	9	5	5	5	4	5	4	5	5	1	ผสานรสให้กลมกล่อม	7	3	3	3	3	4	3	4	4		1	ผลิตภัณฑ์ใช้กับเมนูได้หลากหลาย	10	5	5	4	5	5	5	5	1	5	2													3	4	6	8	9	10							2									5	13		8									2	1	C327082372_1-1-1-sgv6tzfjos9zhitor4eer6zmgj	
100000178	1	1	1	10192	10192							4	1		2	34	2	2		1	2	1	8	1	1	2	3	4	5	6	7		1	2	4	6	7					1	2	4	6	7			2	2	3	4	12							1	2	10	11	12													4	6								7	9	10	11	12	13	14	17	19																		1	3	17															2	1	3	4								13											13									13	13	13	1																								1	4	8									1	3		1	2	4	8	9	11	14	23														1	2	4	8	23																			2	2																																																																																																																										8	7	1	2		9	4	3	5	4	4	4	5	4	2		10	4	4	5	4	4	4	4	4	2		9	4	4	5	5	5	4	4	4	2		7	3	4	3	5	4	4	4	4		2		10	5	5	5	5	5	5	5	5	1	2													1	2	3	9	10	11							4										4		9									2	1	C327082372_1-1-1-sg0yn34n8tm2totnpp8qmnagsg	
100000333	1	1	1	3969	3969							53	4	2	2	18	2	1		1	3	1	2	4	1	2	3	4	5	6	7		1	2	3	4	5	6	7			3	4	6	7				4																						3	3	5	2												10	12	17	25																							3																	5	1	2									1	2										2									2	2	1	2		5																																	1	12		2	7	15	16																		6																							5	3															1	5	8																																																																																																									6	6	2	2		8	3	3	3	3	4	4	4	3	2		6	3	4	3	3	3	3	4	3	2		6	3	4	3	3	4	4	5	4	2		5	3	3	3	4	3	3	4	3		2		6	4	4	4	4	3	4	4	5	1	4													1	3	9										5										13		7									2	1	C327082372_1-1-1-sga7m2dqvcnfv4hc36ag561bb9	
100000314	1	1	1	4148	4148							4	1		2	41	3	1		1	2	1	10	1	1	2	3	4	5	6	7		1	2	3	4	5	6	7			1	2	4	5	6	7		3																												4	5	6							4	5	9	10	11	12	13	14	17																		4	7	8															4	1	3	4	10							1											13									13	13	13	13																	1		5																1	4		1	4	7	15																		2	4																						5	5																																																																																																																										10	9	2	2		9	5	4	5	5	4	4	5	4	2		10	4	5	5	5	4	4	4	4	2		8	4	4	4	4	4	4	4	4	2		9	5	5	5	4	4	4	5	5		2		9	4	5	4	5	4	4	5	5	1	4													2	3	7										2									4	6		9									2	1	C327082372_1-2-2-sgzviue5ccy4z5coyodaqq6vv8	
100000410	1	1	1	3266	3266							75	5	2	2	31	2	1		1	1	1	4	3	1	2	3	4	5	6	7		1	2	3	4	5	6	7			1	2	3	4	5	6	7	4																						1	2	5	3	4		4									2	8	19	25																							1	2	3	4	6	7	8	9	16	20	21							5	1	4									1	4										1									1	1	4	1	5																																		1	5		1	2	3	7	8	9	11	12	15	21	23											1	2	8	9	11																			5	5	2	7	8																																																																																																																							6	8	3	1	ผงปรุงรสช่วยให้อาหารทำง่ายขึ้น	9	5	4	5	5	5	5	5	5	1	อายิโนะโมโต๊ะคือตัวช่วยที่ขาดไม่ได้	10	5	5	5	5	5	5	5	5	1	อายิโนะโมโต๊ะ ผสานรสชาติให้กลมกล่อม	10	5	4	5	5	5	5	5	5	1	ตัวช่วยในรสชาตให้กลมกล่อม	10	5	5	5	5	5	5	5	5		1	ทำเมนูได้หลากหลาย	10	5	5	5	5	5	5	5	5	3	4													1	2	3	9									2									4	2		10									2	1	C327082372_1-1-1-sgqfmm0hd6ftdzm9sya0ae5vgn	
100000249	1	1	1	5366	5366							1	1		2	25	2	1		1	2	1	9	1	1	2	3	4	5	6	7		1	2	3	4	5	6	7			1	2	3	4	5	6	7	4																						3	5	5	3	4		1	2	4	5	6	7				2	5	6	7	8	9	11	12	14	15	16	17	18	19	20	21	22	23	24	25							1	2	3	4	6	7	8	9	10	16	17	20	21					4	1	2	3	4	7	9	10	11	12		1	2	3	4	7	9	10	11	12			1	2	3	7	9	10	11	12		1	1	10	1	5	4	5				5		4	5	3	3																							1	8		1	2	3	4	6	7	8	9	10	11	12	14	15	16	17	18	19	20	21	22	23	2	3	4	6	7	8	9	10	11	12	14	15	16	17	18	19	20	21	22	23				4	4	1	2	3	4	5	7	8	9	14	15	16	17			1	3	4	5	8	9	14	15	16	17					1	2	3	4	5	7	8	9	11	14	15	16	17																		1	2	3	4	5	7	8	9	14	15	16					1	3	5	7	8	9	14	16	17						1	2	3	4	5	7	8	9	14	15	16																								10	11	3	1	รสดีช่วยทำอาหารให้ดูน่ากินและอร่อยขึ้น	10	5	5	5	5	5	5	5	5	1	ช่วยทำให้รสชาติอูมามิยิ่งขึ้น	10	5	5	5	5	5	5	5	5	1	เป็นผงชูรสที่ไม่มีโซเดียม ดีต่อสุขภาพ และช่วยปรุงรสอาหารให้อร่อยขึ้นได้	10	5	5	5	5	5	5	5	5	1	เป็นผงชูรสที่ทำให้อาหารมีรสชาติอูมามิขึ้น	10	5	5	5	5	5	5	5	5		1	ช่วยทำให้รสชาติอูมามิ อร่อยมากขึ้น	10	5	5	5	5	5	5	5	1	4	3													1	2	3	4	5	6	7	8	9	10	11		1									5	7		9									2	1	C327082372_1-1-1-sgq2i1msk67z9qmepwmtv4mw01	
100000334	1	1	1	9829	9829							1	1		2	27	2	3		1	1	1	4	3	1	2	3	4	5	6	7		1	2	3	4	5	6	7			1	2	3	4	6	7		4																						1	2	5	1										1		3	4	5	6	7	9	10	11	12	13	14	15	17	19	25												1	2	3	4	7	8	9	10	16	21								5	1	2	3	4	9	11	12				1	2	3	4	9							1	2	3	4	9					3	3	1	1	5	5	5	4					4																										1	12		1	2	4	6	8	9	10	11	12	14	16	17	19	22	23							1	3	6	14	15																			5	5	1	2	4	8	16	17									1	2	9	11											1	3	4	5	9	10	11	14							1	5	15	16	17																											1																																																11	11	3	2		10	5	5	4	5	4	5	5	5	2		5	3	3	4	3	3	4	3	3	1	ลดโซเดียม กลมกล่อม อูมามิ อร่อย	10	5	5	5	4	5	5	4	5	2		10	5	3	5	5	4	4	5	5		1	วิธีปรุงอาหารด้วยผงชูรส	10	5	4	5	5	5	5	5	5	4	3													1	2	3	4	5	6	7	8	9	10	11		1									5	8		9									2	1	C327082372_1-1-1-sgxsd547z7ngjnbp32rtw7j1w4	
100000306	1	1	1	8388	8388							1	1		2	27	2	1		1	1	1	6	2	1	2	3	4	5	6	7		1	2	3	4	5	6	7			1	2	3	4	5	6	7	4																						3	3	5	1										3		3	7	8	11	12	14	17	19	20	24																	1	3	4	12	16	17	19	20										4	1	2	3	4							1	2	3									1	2								1	1	13	2	5	4																																	1	12		2	3	4	6	8	9	10	11	12	16	17	19	20	22	23							1	2	6	11	16	17	18	19	20	21														5	5	1	2	3	5	7	8	9	15	16	17					4	5	9	15	17																																																																																																							10	1	3	2		10	5	4	5	5	4	5	5	5	2		10	4	3	4	5	4	4	4	5	1	คุณสมบัติของผงชูรส นอกจากความอร่อย	10	4	5	4	4	5	5	5	4	1	วิธีการใช้และข้อดี	10	5	4	5	4	4	4	4	4		1	ผงชูรสไม่ได้อันตราย	10	5	5	4	5	5	5	5	5	1	4													1	2	3	4	6	7	8	9	10				2									4	3		9									2	1	C327082372_1-1-1-sgqk3ec33q1o6sb9uozxig8iyu	
100000341	1	1	1	3811	3811							66	5	1	2	22	2	1		1	2	1	3	3	1	2	3	4	5	6	7		1	2	3	4	5	6	7			1	2	3	4	5	6	7	4																						3	5	5	3	4		1	2	4	5	6	7				1	2	3	5	7	8	9	10	11	12	13	14	15	17	18	19	20	21	22	23	25						1	2	6	7	8	9	10	12	16	17	21							3	1	2	9								1	2										1									1	1	2	1	5																																		1	3		1	2	6	8	11	14	15															1	17	22																					4	4	2	8	9																																																																																																																							6	6	2	1	นำมาใช้ทำอาหารได้ดี	5	3	3	3	3	3	3	3	3	1	ใช้งานง่าย ช่วยเพิมรสชาติ	7	3	4	4	4	3	3	4	3	1	เติมรักด้วยอายิโนะโมะโตะ	7	3	4	4	4	3	3	4	3	1	ผสานรสให้กลมกล่อม อูมามิมากขึ้น	7	3	3	4	3	3	3	3	3		1	เหมาะกับhome cooking	5	3	3	3	3	3	3	3	1	5	4													1	3	6	9									4										13		8									2	1	C327082372_1-1-1-sgku3unybz9u8axx269xeuybme	
100000626	1	1	1	7827	7827							15	2	1	2	23	2	1		1	3	1	5	2	1	2	3	4	5	6	7		1	2	3	4	5	6	7			2	3	5	6	7			4																						3	3	5	2												9	12	19	25																							4	6	8	20														4	1										1											1									1	1	13	1	5																																		1	12		1	2	3	4	8	9	15	20	23													2	6	9																					4	3	2	4	5	8	9																																																																																																																					11	11	2	1	ปรุงรสดุรสเห็ดหอม	8	4	4	4	4	4	4	4	4	1	ช่วยปรุงรสอาหารให้ดี อร่อยมากยิ่งขึ้น	9	4	5	4	4	5	5	5	4	1	นอกจากทำให้อร่อยขึ้น ยังช่วยลดโซเดียมในการปรุงอาหารได้อีกด้วย	9	5	5	5	5	5	5	5	5	2		8	3	5	4	5	4	5	4	4		1	ปรุงอาหารไส้กรอกหน้าโรงเรียนด้วยอายิโนะโมโต๊ะ	9	5	5	5	5	5	5	5	1	4	2													1	2	3	5	6	8	9	10	11				2									5	13		8									2	1	C327082372_1-1-1-sg3ce43guq3kcrb8mno5cu8ii5	
100000077	1	1	1	3461	3461							1	1		2	37	3	1		1	3	1	4	3	1	2	3	4	5	6	7		1	2	4	6	7					1	2	6	7				2	10	14																																			4	5	6	7	8	9	11	12	14	15	17	18	19	20	23	25											1	3	4	6	9	19	20	21										5	1	2	3	4	12						13											13									13	13	13	1																								1	2	4	6	8							1	10		1	4	6	8	10	17	19															1	4	6	10	11	12	21	23																5	5																																																																																																																										9	11	2	1	สามารถประกอบอาหารได้หลายประเภท ทำให้รสชาตอาหารกลมกล่อมมากขึ้น	10	5	5	5	5	5	5	5	5	1	สนใจกานฝช้ผงชูรสในการปรุงอากาส เพราะสะดวก ดึงรสชาติของวัตถุดิบให้ดีขึ้น	10	5	4	4	4	5	4	5	5	1	อยากลองชิมอาหารที่ทำจากผลิตภัฑ์นี้บ้าง	10	4	4	5	4	5	5	4	5	1	น่าสยใจ ทำให้การทำอาหารเป็นเรื่องง่าย	10	4	5	5	5	4	5	5	4		1	น่าสนใจ มีภาพประกอบสำหรับการประกอบอาหารทำให้เข้าใจง่ายขึ้น	10	5	5	5	5	5	5	5	1	5	2													2	3	4	6	8	10							2									5	10		9									2	1	C327082372_1-2-2-sgajd13y50plxtv8ejtrentxdh	
100000298	1	1	1	8648	8648							4	1		2	21	2	1		1	1	1	4	3	1	2	3	4	5	6	7		1	2	3	4	5	6	7			1	2	3	4	5	6	7	4																						1	5	5	2												4	5	6	7	8	9	10	11	12	14	15	17	19	20	25												1	2	3	6	8	9	16	20										5	1	2	3	4	7	9	10	11	12		1	2	3	4	7	9						1	2	3	4						1	1	2	1	5	5	5	5																															1	10		1	2	3	6	8	9	16	19	20	22												1	2	3	6	8	9	10	15	16	19	20													5	5	1	3	5	7	8	9	17								1	3	5	9	10	17									1	3	5	7	8	9	16	17							1	3	8	10	11	16	17																																																																									11	11	1	1	ผงชูรสทำอาหารได้หลากหลาย	10	5	5	5	5	5	5	5	5	1	ช่วยทำให้อาหารรสชาติกลมกล่อม	10	5	5	5	5	5	5	5	5	1	ช่วยลดโซเดียมในการคุมอาหาร	10	5	5	5	5	5	5	5	5	1	อร่อยแน่นอน	10	5	5	5	5	5	5	5	5		1	ทราบเกี่ยวกับผลิตภัณฑ์	10	5	5	5	5	5	5	5	3	4	2													1	2	3	4	6	7	8	9	10				1									5	13		8									2	1	C327082372_1-1-1-sgg9y2b0i3yl7b2i572pzctyld	
100000530	1	1	1	2601	2601							1	1		2	27	2	1		1	1	1	3	4	1	2	3	4	5	6	7		1	2	3	4	5	6	7			1	2	3	4	5	6	7	4																						2	5	5	2												2	5	6	7	10	11	12	15																			1	2	3	4	7	8	9	17	18									5	1	2									1	2										1									1	1	2	1	5																																		1	6		2	4	8	15	19																	3	6	7	14	18																			5	5	1	3	5																																																																																																																							11	9	3	2		10	5	5	5	5	5	5	5	5	1	ผงชูรสอายิโนะโมะโต๊ะ	10	5	5	5	5	5	5	5	5	1	ผงชูรสอายิโนะโมะโต๊ะ	10	5	5	5	5	5	5	5	5	1	ผงชูรสอายิโนะโมะโต๊ะ	10	5	5	5	5	5	5	5	5		1	ผงชูรสอายิโนะโมะโต๊ะ	10	5	5	5	5	5	5	5	3	2	4													1	2	3	4	5	6							1									5	8		9									2	1	C327082372_1-1-1-sgl5tc4yremsvld24movbta94j	
100000016	1	1	1	8592	8592							47	4	1	2	23	2	1		1	2	2	3	3	1	2	3	4	5	6	7		1	2	4	5	6	7				1	2	4	5	6	7		2	4										1	2	3	5	12																						5	9	10	11	18	19	20	25																			1	2	3	8	16	17												4	1	2	9	10							13											13									13	13	13	10																								2	3	4	6								1	13		3	7	9	15	23																	20	23																						4	4																																																																																																																										10	11	4	2		10	5	5	5	5	5	5	4	4	2		6	3	3	3	2	2	3	2	2	2		2	3	1	2	2	2	1	3	2	2		9	4	4	4	3	4	3	4	3		2		9	4	4	5	4	4	4	3	1	4	5													1	10											4										13		9									2	1	C327082372_1-1-1-sgpm02m9n4wsutqkgcnpy85yl5	
100000336	1	1	1	3631	3631							1	1		2	22	2	1		1	3	1	4	3	1	2	3	4	5	6	7		1	2	3	4	5	6	7			1	2	3	4	5	6	7	4																						2	3	5	2												5	9	10	11	12	13	14	18	19	21	25																1	3	7	8	9													5	1										1											1									1	1	13	1	5																																		2			1	3	23																			7	14	16	23																				5	5	1	2	3	5	7	8	9	10																																																																																																																		6	6	4	1	รสดี รสเห็ดหอม	8	5	5	4	5	4	5	5	4	2		8	4	4	4	4	4	4	4	4	2		7	3	4	4	4	4	4	4	4	2		7	4	3	3	3	4	4	4	3		2		7	4	4	4	4	4	4	4	1	4	2													1	3	4	6	9								4										3		7									2	1	C327082372_1-1-1-sgxg0gq1it3sxv9t461crxssqg	
100000208	1	1	1	6489	6489							48	4	1	2	21	2	1		1	2	1	4	3	1	2	3	4	5	6	7		1	2	4	5	6	7				1	2	5					2	2	5	8	10	11	12	14																					8						ไม่ใช้			5	11	14	17	18	19																					3	8	21															3	1										13											13									13	13	13	13																								3	7										2			6	8	11	23																		1	3	23																					3	3																																																																																																																										7	6	4	2		8	4	3	5	3	3	4	4	3	2		6	3	3	4	3	3	3	3	3	2		7	3	3	4	3	3	3	4	3	2		6	3	3	3	3	3	4	4	3		2		8	4	3	3	4	4	4	3	1	5	2													1	2	3	4	5	8	9	10					4										13		8									2	1	C327082372_1-1-1-sgr8n420v8nyisg0lcsvbb4dx4	
100000194	1	1	1	8856	8856							1	1		2	26	2	1		1	2	1	4	3	1	2	3	4	5	6	7		1	2	3	4	5	6	7			1	2	4	5	6	7		3																												2									7	14	19	20	25																						1	3	8	20	21													4	1	9	11								1											13									13	13	13	13																	1		4																2			2	3	23																			2																							4	4																																																																																																																										10	6	4	2		10	5	5	5	4	5	5	4	5	2		9	4	5	4	4	4	4	4	3	2		8	3	5	3	4	4	5	4	4	2		9	4	4	4	4	4	4	5	3		1	คุณภาพ และประสบการณ์ใหม่ๆในการใช้ผลิตภัณฑ์	9	5	4	4	5	5	5	5	1	5	4													3	8	9	10									2									4	4		9									2	1	C327082372_1-1-1-sg98kqx6w8nse4auoav6xy68xb	
100000354	1	1	1	6397	6397							1	1		2	23	2	2		1	1	1	6	2	1	2	3	4	5	6	7		2	3								2							3																												2									5	7	13																								3																	5	1	2	4								1	2	4									13									13	13	13	13																	1		3	4															1	6		10	20	23																			1	20																						5	4																																																																																																																										9	9	3	1	ใส่รสดี เพิ่มความอร่อย	9	4	4	4	4	4	4	4	4	1	อายีโนะโมโตะ สร้างความมั่นใจในการทำอาหาร ผสานรักให้กล่อมกล่อม	10	5	5	5	5	5	5	5	5	1	อร่อยทุกคำ	8	4	4	4	4	4	4	4	4	1	อายิโนะโมโต๊ะ ผสานทุกความอร่อยในทุกคำ	9	4	5	4	4	4	4	4	4		1	ความสำคัญในการทำอาหาร อย่าลืมใส่อายีโนะโมโตะ จะสร้างความมั่นใจในการทำอาหาร	10	5	5	5	5	5	5	5	1	5	4													1	4	5	7									2									5	8		9									2	1	C327082372_1-1-1-sgplfdx2jy3t4txi3a9mo85z1p	
100000450	1	1	1	7855	7855							1	1		2	27	2	1		1	3	1	7	1	1	2	3	4	5	6	7		1	2	3	4	5	6	7			1	4	6	7				3																												1	4	5	6	7					5	9	11	12	17	19																					1	3	6	8	9	16	21											4	1	2	4								1											13									13	13	13	13																	1		1	3	4														1	10		2	6	8	9	14	15	16	23														2	3	6																					4	3																																																																																																																										11	9	4	2		9	4	2	3	2	4	4	4	4	2		10	5	5	5	5	5	5	5	5	2		10	5	5	5	5	5	5	5	5	2		8	4	4	5	3	4	3	4	4		2		10	4	4	5	5	4	4	4	5	3	2													1	2	8	9									4										4		11									2	1	C327082372_1-1-1-sgf3unzab2wyflib4go6h534qt	
100000262	1	1	1	2276	2276							22	2	1	2	20	2	1		1	1	1	5	2	1	2	3	4	5	6	7		1	2	3	4	5	6	7			1	2	3	4	5	6	7	4																						2	4	5	2												2	4	5	6	7	9	13	15	17	18	19	22	25														1	3	9	20														4	1	2	4	9	10						1	2	9									1									1	1	4	1	5																																		1	10		8	11	14	15	22																	4	6	22																					4	4	1	2	3	9																																																																																																																						8	8	2	1	ใส่อาหารแล้วอร่อยขึ้น	6	4	4	4	4	4	4	4	4	1	ใส่อาหารแล้วอูมามิ กลมกล่อม	7	4	4	5	4	5	4	5	4	1	ใส่อาหารแล้วรสชาติอูมามิ	7	4	4	4	4	5	4	4	4	1	ใส่แค่อายิโนะโมะโตะรสชาติก็กลมกล่อม	8	4	4	4	5	4	5	4	4		1	โฆษณาข้อดีของอายิโนะโมโตะ	9	4	5	5	4	5	5	5	5	2	4													1	3	4	5	6	8	9	10					2									4	13		8									2	1	C327082372_1-1-1-sg3qjag7wh9ncv6ruscph0gb73	
100000704	1	1	1	9274	9274							2	1		2	30	2	3		1	1	1	9	1	1	2	3	4	5	6	7		1	2	3	4	5	6	7			2	3	4	5	6	7		4																						1	5	5	1										1		3	5	6	7	8	10	11	12	13	14	15	17	18	19	25												1	2	3	6	8													5	1	2	3	4	9						1	2	3	9								1	3	9							1	1	3	1	5		5						5																										1	10		3	9	11	15	21																	1	2	3	11	22																			5	5	1	2	3	4																									1	2	3	4																																										1	2	3	4																																													11	11	3	1	รสดี รสเผ็ดหอม อร่อย หลากหลายเมนู	10	5	5	5	5	5	5	5	5	1	อายิโนะโมะโต๊ะ มีฮูมามิ ทำอาหารไทยได้อร่อย	10	5	5	5	5	5	5	5	5	1	อายิโนะโมะโต๊ะ อร่อย มีโฮมามิ	10	4	5	5	5	5	5	5	5	2		10	5	5	5	5	5	5	5	5		1	ผลิตภัณฑ์ปรุงรสยี่ห้ออายิโนะโมะโต๊ะ ช่วยทำให้อาหารอร่อย ทำได้หลากหลายเมนู	10	5	5	5	5	5	5	5	1	5	2													3	4	10										1									5	12		7									2	1	C327082372_1-1-1-sgre40plwvl7zqh80xlp1o6985	
100000244	1	1	1	8694	8694							66	5	2	2	18	2	1		1	1	1	6	1	1	2	3	4	5	6	7		1	2	3	4	5	6	7			1	2	4	6	7			3																												1	2	6	7						1	2	3	5	6	7	10	11	12	17	19	20	25														1	2	3	6	8	10	12	16	21									4	1	2	9								1	9										13									13	13	13	13																	1		1	3	4	5													2			1	2	3	6	7	8	9	10	11	14	15	16	21	22	23							1	2	3	6	8	9	14	16	22	23														5	4																																																																																																																										8	8	4	2		9	4	5	4	5	4	5	4	5	2		9	5	4	5	4	5	4	5	5	2		8	4	3	5	4	5	5	4	4	2		8	3	4	3	5	3	2	4	3		1	มีผลิตภัณฑ์จากอาอิโนะโมโต๊ะ แบบใหม่ เชิญชวนให้ลองกัน	8	4	4	5	4	5	5	3	2	3	5													1	2	3	4	8	9	10						4										13		8									2	1	C327082372_1-1-1-sg6z936dxavcx2fnxnqphd15cf	
100000526	1	1	1	3735	3735							1	1		2	21	2	1		1	2	1	8	1	1	2	3	4	6				1	2	3	4						1	2	3	4				4																						3	5	5	2												3	4	6	7	12	15	17																				2	3	6	8	9	20												4	1	3	4	7	10						1	4	7	10								1	10								1	1	10	7	5									4																									1	13		1	3	4	6	11	20	23															1	2	3	6																				5	4	1	2	3	4	5	7	9																																																																																	2	4	7	8																															11	6	1	1	ผงปรุงรสใช้งานใช้ได้กับอาหารทุกประเภท ทำให้อาหารกลมกล่อมมากยิ่งขึ้น	10	5	5	5	5	5	5	5	5	1	อายิโน๊ะโมโต๊ะผสานรักให้กลมกล่อม ทพให้อาหารมีรสชาติอูมามิ ตัวช่วยในการสร้างความมั่นใจในการทำอาหาร	10	5	5	5	5	5	5	5	5	1	อายิโนะโมะโต๊ะช่วยให้อาหารอร่อย แถมยังลดโซเดียมในอาหาร	10	5	5	5	5	5	5	5	5	1	อายิโนะโมะโต๊ะช่วยให้อาหารรสชาติกลมกล่อม	10	5	5	5	5	5	5	5	5		1	ไม่ว่าอาหารชนิดไหนอายิโนะโมะโต๊ะก็ช่วยทำให้อร่อยได้	10	5	5	5	5	5	5	5	5	1	4													1	2	8	10									1									5	8		9									2	1	C327082372_1-1-1-sgq4xhwcx3yi29awpiqejwqsee	
100000659	1	1	1	8423	8423							1	1		2	32	2	1		1	1	1	5	3	1	2	3	4	5	6	7		1	2	3	4	5	6	7			1	2	3	4	5	6	7	4																						1	5	5	2												2	4	5	7	10	11	12	13	14	18	19	20	23	25													1	2	3	4	6	7	8	9	10	16	17	20	21					5	1	2	3	4	7	9	10	11			1	2	3	4	9	11						1	2	3	4						1	1	3	1	5	4	5	5																															1	12		1	2	3	4	6	7	8	9	10	11	12	14	15	16	17	20	22	23				1	2	3	6	7	8	9	10	11	12	14	15	16	18	22	23								5	5	1	2	3	5	7	8	9	16							1	2	3	7	8	9	16								1	2	3	7	8	9	16								1	2	3	7	8	9	16																																																																									11	11	2	1	รสดีรสเห็ดหอม	10	5	5	5	5	5	5	5	5	1	ตัวช่วยสร้างความมั่นใจในการทำอาหาร	10	5	5	5	5	5	5	5	5	1	ลดโซเดียมในอาหาร และทำให้อาหารอร่อยเร็ว	10	5	5	5	5	5	5	5	5	1	ตัวช่วยการทำอาห	10	5	5	5	5	5	5	5	5		1	อายิโนโมโต๊ะ	10	5	5	5	5	5	5	5	2	3	5													1	2	3	4	6	9							2									5	8		9									2	1	C327082372_1-1-1-sgzas5iccqjileaz0lce743fux	
100000374	1	1	1	7914	7914							1	1		2	23	2	1		1	1	1	3	4	1	2	3	4	5	6	7		1	2	3	4	5	6	7			1	2	3	4	5	6	7	4																						1	6	5	2												12																										1	3	4	6	7	8	9	16										5	1										1											1									1	1	13	1	5																																		1	9		1	4	8	9	16																	8																							5	4	1	2	3	9																																																																																																																						10	11	3	1	ทำให้รสชาติอาหารอร่อยกลมกล่อมเข้ากันๆ	10	5	5	5	5	5	5	5	5	1	ทำให้มั่นใจในการทำอาหาร ทำให้รสชาติอาหารกลมกล่อม	10	5	5	5	5	5	5	5	5	1	ลดโซเดียม ทำให้หาการกลมกล่อม	10	5	5	5	5	5	5	5	5	1	ทำให้อาหารรสชาติกลมกล่อม	10	5	5	5	5	5	5	5	5		1	ใช้ได้กับทุกเมนู	10	5	5	5	5	5	5	5	1	4	2													1	3	4	5									1									5	3		9									2	1	C327082372_1-1-1-sgcs2xgem478eu4ufrnm4pojyy	
100000647	1	1	1	5334	5334							21	2	1	2	26	2	1		1	2	1	9	1	1	2	3	4	5	6	7		1	2	3	4	5	6	7			1	2	3	4	5	6	7	4																						3	3	5	2												3	5	7	8	9	10	11	12	13	14	15	17	19	22	25												1	3	21															5	1	2	3	4	7						1	2	4									1	2								1	1	13	1	5	3																																	1	12		1	4	7	23																		9	12	14																					5	5	1	2													1	3	5	9																																																																																																								11	11	2	2		8	3	3	4	4	3	4	4	3	2		8	3	4	4	3	3	4	5	3	2		7	3	4	3	4	3	4	4	3	2		7	3	3	3	3	3	4	4	3		1	ใช้ทำ ปรุงอาหารได้หลากหลายเมนูให้รสชาติที่อร่อยยิ่งขึ้น	9	4	5	4	4	5	5	4	1	5	2													2	3											2									4	3		9									2	1	C327082372_1-1-1-sgiktsrx40ffqtqjvr4gacvmnh	
100000008	1	1	1	10967	10967							18	2	2	2	30	2	1		1	3	1	2	4	1	2	3	4	5	6	7		1	2	3	4	5	6	7			1	2	3	4	5	6	7	4																						2	3	5	2												5	6	10	11	12	13	14	17	19	20	24	25															1	2	3	4	6	7	8	9	10	12	16	20	21					5	1	3	4	9							1											1									1	1	13	1	5																																		1	9		1	2	3	7	8	9	10	11	15	16	20	22	23									8	11	12																					5	5	1	2	3	5	8	9	16																																																																																																																			11	10	3	1	ทอดมันเห็ด ใส่รสดี ใส่รสดีรสเห็ดหอม	10	5	5	5	5	5	5	5	5	1	ผงชูรสช่วยให้อาหารมีรสชาติ อูมามิ	10	5	5	5	5	5	5	5	5	1	บอกรสชาติการทำอาหารด้วยผงชูรส ให้อาหารอร่อยกลมกล่ม	10	5	5	5	5	5	5	5	5	1	ผงชูรสช่วยให้อาหารอร่อย กลมกล่อมมากยิ่งขึ้น	10	5	5	5	5	5	5	5	5		1	บอกข้อดีของผงชูรส ทำให้ทำอาหารง่ายและอร่อยขึ้น	10	5	5	5	5	5	5	5	2	5	1													1	2	3	4	6	7	10						1									5	12		7									2	1	C327082372_1-1-1-sg7m55663ky5ddeors2vzcmr3s	
100000713	1	1	1	1161	1161							3	1		2	23	2	1		1	3	1	9	1	1	2	3	4	5	6	7		1	2	3	4	6	7				1	2	6	7				3																												1	2	7							5	7	10	12	13	18	19	25																			2	3	6	8	9													3	1	3	4	9							1	4										13									13	13	13	13																	1		3																1	2		2	6	8																			1	6	14																					3	3																																																																																																																										7	6	4	1	การใช้ผลิตภัณฑ์ในหารทำอาหาร	7	4	4	4	4	4	4	5	4	2		7	3	4	3	4	3	4	5	3	2		6	3	3	3	4	3	4	5	3	2		7	3	4	3	4	3	4	5	3		2		7	4	5	5	4	5	5	4	1	2	5													1	3	4	5	6	7	8	9	10				4										2		8									2	1	C327082372_1-1-1-sgn49ckoncyuut2xyt8ejjb8z2	
100000500	1	1	1	8178	8178							73	5	1	2	37	3	1		1	3	1	3	3	1	2	3	4	5	6	7		1	2	3	4	5	6	7			1	2	3	4	5	6	7	4																						3	3	5	2												2	3	5	10	19	20																					1	2	3	6														5	1	3	4								1											1									1	1	3	1	5																																		2			3	4	23																			3	4	23																					5	5	1	2	3																																																																																																																							8	8	4	2		8	4	4	4	4	4	4	4	4	2		7	3	4	4	4	4	4	4	4	2		7	4	4	4	4	4	4	4	4	2		7	4	4	4	3	4	4	4	4		2		7	4	4	4	4	4	4	4	4	1	2													1	2	3	4	5								4										4		11									2	1	C327082372_1-2-2-sghji6krpyol2lzknsrq8alh1k	
100000263	1	1	1	4439	4439							1	1		2	24	2	1		1	1	1	11	1	1	2	3	4	5	6	7		1	2	3	4	5	6	7			1	2	3	4	5	6	7	4																						2	2	5	2												5	6	8	12	14	15	18	25																			1	3	4	6	8	9	20	21										2	1	2	4	7							1	2	4	7								1									1	1	4	7	5																																		1	13		1	2	3	4	6	8	9	14	15	20	23											1	2	3	6	8	9	15	20	23															3	3	1	2	3	4	9	10	15																																																																																																																			11	6	2	2		7	4	4	4	4	4	4	4	4	2		7	4	3	4	4	4	5	4	4	2		7	3	3	4	5	5	5	4	4	2		7	3	4	3	4	3	4	4	3		2		8	4	4	4	4	4	4	4	2	3	1													1	2	3	4	9								2									4	8		9									2	1	C327082372_1-1-1-sg0v32lwjpoop4h2xojpyhokxv	
100000200	1	1	1	8026	8026							1	1		2	26	2	1		1	3	1	6	2	1	2	3	4	5	6	7		1	2	3	6	7					1	2	3	6	7			4																						3	1	5	2												5	6	7	8	9	12	14	17	18	21	22																1	2	3	8	9	21												5	1	2	4	9							1	2										1	2								2	2	1	1	4	4																																	1	7		2	3	6	8	9	11	23															3	7	9	14	15	16	23																	4	4	1	3	5	8	11	15									1	3	4	5	7	8	15																																																																																																					7	7	2	1	ผงปรุงรสที่ดีต้องอายิโน๊ะโมะโต๊ะ	9	4	4	5	4	4	5	5	4	1	อายิโนะโมะโต๊ะเป็นผงชูรสที่ครบรส กลมกล่อม	10	4	5	5	4	5	4	5	4	1	แบรนด์อายิโน๊ะโมะโต๊ะเหมาะกัลทุกเพศทุกวัย	10	5	4	5	4	5	4	5	5	1	อายิโน๊ะโมะโต๊ะทำให้อาหารทุกเมนูกลมกล่อมมากขึ้น	10	4	5	4	5	4	4	5	4		1	อายิโน๊ะโมะโต๊ะใช้ง่าย ทำให้ทุกอาหารอร่อยขึ้นได้ง่ายๆ	10	5	4	4	5	5	5	5	3	1	5													1	3	4	7	9	10	11						2									5	3		9									2	1	C327082372_1-1-1-sg64e9puyl8lzeg5fb813xekly	
100000690	1	1	1	7166	7166							71	5	1	2	22	2	1		1	1	1	5	2	1	2	3	4	5	6	7		1	2	3	4	5	6	7			1	2	3	4	5	6	7	4																						1	3	5	1										1		2	3	4	5	7	8	9	10	11	12	13	14	17	19	20	25											1	2	3	6	7	8	9	10	12	16	17	19	20	21				5	1	2									1											1									1	1	2	1	5																																		1	6		1	2	3	4	6	7	8	9	11	12	14	15	16	18	19	20	22	23				1	4	6	9	10	11	15	19	20	23														5	5	1	2	3	5	7	8	9	16	17																																																																																																																	11	7	1	1	รสดีใช้ทำอาหารง่ายๆ	10	5	5	5	5	5	5	5	5	1	ทำง่ายได้หลากหลายเมนู	10	5	5	5	5	5	5	5	5	1	ใส่เเล้วอูมามิ	10	5	5	5	5	5	5	5	5	1	ดีเยี่ยมดูไม่ได้	10	5	5	5	5	5	5	5	5		1	ใช้ทำได้กับทุกเมนูต้มผัดเเกงทอด	10	5	5	5	5	5	5	5	1	4	3													1	3	4	7	8	9	10						2									4	8		9									2	1	C327082372_1-1-1-sg0yz5ije7roqd1svve6mehqx0	
100000701	1	1	1	7967	7967							1	1		2	24	2	1		1	3	1	3	4	1	2	3	4	5	6	7		1	2	3	4	5	6	7			2	3	4					4																						3	3	5	2												11	12	13	17	19	21																					2	3	4	8	9													4	1	2	3								1											1									1	1	2	1	5																																		1	7		8	11	14	23																		2	9	23																					4	4	1	5	7	8																																																																																																																						8	9	2	2		6	4	4	4	4	4	4	4	4	1	ไม่ได้มีผลเสียกับสุขภาพขนาดนั้น	7	3	4	4	4	4	4	4	4	2		7	4	4	4	4	4	4	4	4	2		5	3	4	4	4	4	4	4	4		1	ชูผลิตภัณฑ์	7	4	5	4	5	4	5	5	2	5	1													1	5	10										2									4	8		9									2	1	C327082372_1-1-1-sgupepcaixg1erxxd64qza0a8p	
100000841	1	1	1	999	999							1	1		2	22	2	1		1	2	1	6	2	1	2	3	4	5	6	7		1	2	4	5	6					1	2	4	5	6			2	8	10	14																																		4	5	7	9	10	11	12	14	17	25																	1	16	17	20														5	1	3	9								13											13									13	13	13	1																								2	3	7									1	6		8	9	10	11	14	15																1	8	14																					5	5																																																																																																																										9	9	3	1	ผงชูรสใส่ทอดมุนไเ้	10	5	4	5	5	5	4	4	5	1	ทำกับข้าวได้หลาอย่าง	6	4	4	5	4	4	4	4	5	1	แสดงการทำอาหารด้วยผงชูรส	7	4	4	4	5	5	4	5	5	1	ผงชูรสทำให้ไข่เจียวอร่อยขึ้น	8	4	5	5	4	5	5	5	4		1	ทำอาหารได้เยอะ	9	4	5	5	4	5	4	5	1	5	4													1	2	3	5	7	9	10						1									4	3		7									2	1	C327082372_1-1-1-sgk35bexlcuz2m5kn2ltg0fkna	
100000125	1	1	1	3388	3388							65	5	1	2	27	2	1		1	1	1	4	3	1	2	3	4	5	6	7		1	2	3	4	5	6	7			1	2	3	4	5	6	7	4																						3	6	5	2												2	3	5	11	12	13	19	25																			1	3	8	9	21													4	1	4	9	10							1											1									1	1	4	1	4																																		1	8		1	3	6	8	9	14	15	23														1	3	8	9	23																			4	4	1	2	3	8																																																																																																																						6	7	1	1	สามารถทำอาหารได้หลากหลายและมีรสชาติกลมกล่อม	10	5	5	5	4	4	5	5	5	1	การใช้อูมามิทำให้เกิดการกลมกล่อมและมั่นใจในการทำอาหารมากขึ้น	8	4	5	4	4	4	4	4	4	1	ทำให้อาหารกลมกล่อมและลดโซเดียมในการทำอาหาร	8	4	4	4	5	4	4	4	5	1	ทำให้อาหารกลมกล่อมและทำได้หลายเมนูราคา	7	4	4	4	4	4	4	4	4		1	สามารถทำอาหารได้หลายรูปแบบประหยัดเวลาและกลมกล่อม	8	5	5	4	4	4	5	4	5	1	2													1	2	9	10									2									5	8		9									2	1	C327082372_1-1-1-sgz3wl4fev6qhm2jo8k1be7en4	
100000394	1	1	1	2361	2361							1	1		2	26	2	1		1	1	1	3	4	1	2	3	4	5	6	7		1	2	3	4	5	6	7			1	2	3	4	5	6	7	4																						1	3	5	1										1		2	3	5	6	7	8	11	12	13	14	15	17	19	21	24	25											1	3	6	7	8	9	16	20	21									4	1	4	7								1	4	7									1	4								1	1	4	1	5			5																															1	5		1	2	3	6	7	8	9	11	14	15	16	23										1	2	3	6	7	8	9	11	16	23														5	4	2	3	5	7	9	10																																					1	2	3	5	7																																																																											10	10	1	1	ใช้ปรุงอาหารได้หลายอย่าง	10	4	4	4	4	4	5	5	4	1	เป็นตัวช่วยสร้างความมั่นใจในการทำอาหารทุกเมนูเอาอยู่หมด	10	5	5	5	5	5	5	5	5	1	ช่วยให้อาหารอร่อย ลดโซเดียมในการปรุงอาหาร	10	5	5	5	5	5	5	5	5	1	ช่วยให้อาหารรสชาติกลมกล่อม	10	5	5	5	5	5	5	5	5		1	อาหารหน้ารั้วโรงเรียนก็ทำกินเองได้	10	5	5	5	5	5	5	5	3	2	4													2	3	4	6	7	8	9	10	11				2									5	2		9									2	1	C327082372_1-1-1-sgaqd78vb9484ym2gashy3fl9s	
100000393	1	1	1	4973	4973							1	1		2	23	2	1		1	1	1	4	3	1	2	3	4	5	6	7		1	2	3	4	5	6	7			1	2	3	4	5	6	7	4																						1	4	5	2												4	5	6	11	12	13	15	17	18	19	20	21	25														1	3	8	9	20	21												5	1										1											1									1	1	13	1	5																																		1	4		3	8	9	20	23																	3																							5	4	1	5	8																																																																																																																							11	1	4	2		9	4	5	4	5	3	5	5	4	1	ผงชูรสทำให้อาหารอร่อยขึ้นมีรสชาติอูมามิ	10	5	5	5	5	5	5	5	5	2		1	1	3	2	1	3	3	2	1	2		10	4	4	5	3	3	4	5	4		1	การทำอาหารเป็นเรื่องเข้าใจง่ายและสนุก	10	5	5	5	5	5	5	5	4	2	1													1	2	3	4	7	9							4										13		9									2	1	C327082372_1-1-1-sg38r4jr6e6xihorfyroy86lrz	
100000831	1	1	1	2989	2989							13	2	1	2	19	2	1		1	2	1	5	2	1	2	3	4	5	6	7		1	2	3	4	5	6	7			1	2	3	4	5	6	7	4																						2	5	5	2												2	5	6	7	8	9	10	12	15	17	18	19	20	24	25												1	2	3	6	8	9	16	18	19	21								5	1	2	4	12							1	2	4	12								1	2	4	12						1	1	4	1	5	5		4								4																							1	1		1	2	3	4	6	7	8	9	10	11	12	14	15	16	18	19	22	23				1	3	4	7	9	10	12	14	15	16	17	18	19	20	21	22	23							5	5	1	2	3	4	5	7	8	9	14	15	16	17			1	3	4	5	7	9	15	16	17																				1	3	5	7	8	9	11	14	15	16	17																																																																					10	10	2	1	ดูวิดีโอไม่ได้ ขึ้นถึงขีดจำกัด	7	3	4	3	3	3	3	3	4	1	บอกเกี่ยวกับผงชูรส	10	5	5	5	4	5	5	5	4	1	บอกถึงวิธีการใช้	9	5	5	5	4	5	5	5	4	1	ไม่สามารถดูวิดีโอได้	8	3	3	3	3	4	4	3	4		1	เทคนิคการทำอาหาร	9	5	5	4	5	5	5	5	1	5	2													1	3	6	7	8	9	10						1									5	13		8									2	1	C327082372_1-1-1-sguonlradwlj6jcbg5h9kap600	
100000488	1	1	1	7918	7918							1	1		2	30	2	1		1	2	1	6	2	1	2	3	4	5	6	7		1	2	3	4	5	6	7			1	2	3	4	5	6	7	4																						1	4	5	2												2	4	5	6	7	8	11	12	13	14	15	17	19	20	25												1	2	3	4	6	8	9	10	16	17	19							5	1	3	4								1	3	4									1									1	1	3	1	5																																		1	1		1	2	3	4	6	7	8	9	10	11	12	15	16	17	18	19	20	21	22	23		1	6	9	10	18	20	23																	5	5	1	3	4	5	9	16	17																																																																																																																			10	11	2	2		9	4	3	4	4	3	4	4	4	2		9	4	4	4	4	4	4	4	4	2		9	4	4	4	3	4	4	4	4	2		10	5	5	5	5	5	4	5	5		2		9	4	5	5	5	4	5	4	4	5	1													1	2	3	7	9	10							1									4	8		11									2	1	C327082372_1-1-1-sg8j3i415nclikx1m2w579u9ao	
100000566	1	1	1	2243	2243							58	4	1	2	51	4	3		1	1	1	6	1	1	2	3	4	5	6	7		1	2	4	5	6	7				1	2	5	7				2	2	3																										4	5								2	3	5	10	14	19	20																				1	2	3	4	6	8	9											5	1	3									13											13									13	13	13	1																								2	3	4									1	12		1	2	4	9	11	22																4	17	18																					5	5																																																																																																																										10	10	2	1	รสดีทำเมนูทอดก็อร่อย	10	5	5	5	5	5	5	5	5	1	อาหารกลอมกล่อมขึ้น	10	5	5	5	5	5	5	5	5	1	การทำอาหารได้หลากหลาย	10	5	5	5	5	5	5	5	5	1	ทำไข่เจียวก็อร่อย	10	5	5	5	5	5	5	5	5		1	ทำเมนูอะไรก็อร่อย	10	5	5	5	5	5	5	5	2	1	5													1	2	3	7	8								1									5	1		9									2	1	C327082372_1-3-3-sg04kkjfrtqnv8917f1p5yoz2o	
100000461	1	1	1	3909	3909							1	1		2	29	2	1		1	1	1	4	3	1	2	3	4	5	6	7		1	2	3	4	5	6	7			1	2	3	4	5	6	7	4																						3	6	5	2												3	5	6	7	8	10	11	12	13	14	15	17	19	20	25												1	2	3	6	7	8	9	16	21									4	1	2	3	4	10						1	2										1	2								1	1	3	1	5	4																																	1	1		1	2	3	4	6	7	8	9	11	14	15	16	20	22	23							1	2	6	8	9	16	22	23																4	3	1	2	3	4	5	7	8	9	16						1	3	4	5	7	9	15	16																																																																																																				10	9	4	2		7	4	3	4	4	4	4	4	4	1	ผงชูรส ให้รสอูมามิ ผสานรสชาติให้กลมกล่อม	10	5	4	5	4	5	5	5	5	2		8	3	4	4	4	4	4	4	4	2		9	4	4	4	4	4	4	4	5		2		9	4	4	4	4	4	5	4	2	4	1													1	2	3	4	6	7	9						2									5	8		9									2	1	C327082372_1-1-1-sgqbgwkzwsczo0cm4s41g6wisu	
100000274	1	1	1	6222	6222							26	2	1	2	22	2	1		1	3	1	7	1	1	2	3	4	5	6	7		1	2	3	4	5	6	7			1	2	3	4	6	7		4																						3	3	5	2												12	14	19																								1	4	9	16														4	1	2	3	10							1	2	3	10								2	3								2	2	3	2		4	5																																2			1	2	8	9	15	20																1	2	8	9	15	16	23																	4	4															1	5	8	15											1	2	7	8																																																																																										6	6	1	2		7	4	3	4	4	3	4	5	3	1	ความกลมกล่อมของอาหาร ใช้ยี่ห้อนี้จะทำให้อาหารกลมกล่อมมากขึ้น	10	5	4	5	4	5	5	5	5	1	ยี่ห้อนี้นอกจากจะทำให้อาหารอร่อยแล้วยังลดโซเดียมในอาหารได้อีกด้วย	10	5	5	5	5	5	5	4	4	1	ทำให้อาหารอร่อยขึ้นมีความกลมกล่อม	10	4	4	4	4	5	5	4	4		2		10	4	5	5	4	4	4	4	2	1	5													1	3	9										4										2		9									2	1	C327082372_1-1-1-sgbnpduqfjkfv56nxx56rihnt4	
100000107	1	1	1	9344	9344							6	2	2	2	29	2	1		1	3	1	2	4	1	2	3	4	5	6	7		1	2	3	4	5	6	7			2	3	4	6	7			4																						3	2	5	2												4	5	7	10	12	14	17	19	20																		1	2	3	4	16	20	21											4	1	3	4								1	3										1									1	1	3	3	5																																		1	1		1	4	8	9	11	14	15	16	23													1	4	8	9	11	14	15	16																5	5	1	2	3	4	5	7																																																																																																																				11	1	2	2		10	4	4	4	4	4	4	4	4	2		10	4	4	5	4	5	4	4	4	2		10	4	4	4	4	4	4	4	4	2		10	4	4	4	4	4	4	4	4		2		10	4	5	5	5	5	5	5	1	5	2													1	2	3	5	6	7	9	10					2									4	2		9									2	1	C327082372_1-1-1-sgmobjrdx5vsq8qmk8l2pkihkd	
100000913	1	1	1	10689	10689							1	1		2	24	2	1		1	1	1	9	1	1	2	3	4	5	6	7		1	2	3	4	5	6	7			1	2	3	4	5	6	7	4																						3	4	5	1										1		5	7	10	11	14	17	18	19	20	25																	1	2	3	6	8	9	19											4	1	3	10								1	3										1	3								1	1	13	1	5		4																																1	1		1	2	4	8	9	11	14	23														2	8	11	23																				5	4	1	2	3	4	5																								1	2	8																																																																																											11	11	4	1	รสดีช่วยปรุงรส	10	5	5	5	4	4	5	5	5	1	ผงชูรสช่วยเพิ่มรส	10	5	5	5	5	5	5	5	5	2		10	5	5	4	5	5	5	4	4	2		9	5	5	4	5	4	5	5	4		2		10	5	5	5	5	5	5	5	1	5	2													1	2	3	9									4										8		9									2	1	C327082372_1-1-1-sgdfc2aioifno9x90n8odtw5t9	
100000079	1	1	1	10977	10977							1	1		2	28	2	1		1	3	1	10	1	1	2	3	4	5	6	7		1	2	3	4	6	7				1	2	4	6	7			3																												4									10	12	15	17	19																						1	2	3	6	8	9	17	18	20	21								5	1										1											13									13	13	13	13																	1		1	2															1	5		1	2	3	6	7	8	9	12	15	17	18	20	23									1	3	7	9	17	18	20	23																5	4																																																																																																																										9	6	4	2		9	4	3	5	3	4	5	5	4	2		9	4	5	4	4	4	5	5	4	2		7	3	4	3	3	4	4	3	3	2		7	3	5	3	4	4	5	4	4		2		8	4	4	4	4	5	5	4	1	2	5													1	4	5	10									5										8		9									2	1	C327082372_1-1-1-sgbpezoalmh19t53dg3ouvqy47	
100000416	1	1	1	1887	1887							15	2	1	2	23	2	1		1	1	1	4	3	1	2	3	4	5	6	7		3	4	5	6	7					3	4	6	7				4																						1	4	5	2												2	5	7	13	18	19	25																				1	2	3	4	8	9	16	21										5	1	2	3	4	9	11					1	3	9	11								1	11								1	1	3	1	5										5																								1	7		1	2	4	6	8	11	14	15	20	22	23											1	2	4	22																				5	4	1	2	3	4	5	7	8	9																																																																																																																		8	4	2	2		8	4	4	5	4	4	4	4	5	1	อายิโนโมโตะ ใช้ปรุงอาหารได้อุมามิ กลมกล่อม หลายเมนู	7	4	4	5	4	3	4	4	4	2		7	3	4	5	5	5	4	4	3	2		8	4	4	4	4	5	4	4	3		1	เมนูในวัยเด็กที่ทำมาจากเครื่องปรุงอายิโนโมโตะ	10	4	5	5	5	4	5	5	1	5	2													1	2	6	8	9	10							2									4	4		9									2	1	C327082372_1-1-1-sgzbww6dykuh1dxm0025qzw7mq	
100000750	1	1	1	2471	2471							1	1		2	24	2	1		1	3	1	6	2	1	2	3	4	5	6	7		1	2	3	4	5	6	7			1	2	3	4	6	7		4																						3	2	5	1										1		5	6	7	9	10	11	12	14	15	17	18	19	20	24	25												1	2	3	4	6	7	8	9	10	12	16	17	18	19	20	21		4	1	2	3	7	9	12					1	2	7	9	12							1	12								1	1	2	1	5											4																							1	10		1	2	3	4	6	7	8	9	10	11	12	14	15	16	17	18	19	20	21	22	23	1	2	3	4	6	7	8	9	10	11	12	14	16	17	18	19	20	21	22	23				5	4	1	2	3	4	5	7	8	9	10	11	14	15	16	17																																																																																																												8	1	2	1	ช่วยให้รสชาติอาหารอูมามิกลมกล่อม	9	4	4	5	4	5	4	4	4	1	ผงปรุงรสทำให้รสชาติอาหารกลมกล่อมมากขึ้น ต่อจากนั้นดูได้ คลิปค้างค่ะ	8	4	5	4	5	4	4	5	4	1	ช่วยให้รสขาติกลมกล่อมอูมามิ	8	4	4	4	4	4	5	5	4	1	อายิโนะโมโต๊ะช่งยให้รสชาติอาหารอร่อย กลมกล่อมมากยิ่งขึ้น	8	4	4	4	4	4	4	4	4		1	ช่งยให้รสชาติอาหารอร่อย ชูรสชาติอาหาร ให้กล่มิกล่อมอูมามิยิ่งขึ้น	10	4	5	5	5	5	5	5	2	4	1													1	2	3	4	5	7	8	9	10				2									4	8		9									2	1	C327082372_1-1-1-sg859dml97zkeh8l74hhh4m38l	
100000120	1	1	1	6519	6519							37	3	2	2	20	2	1		1	1	1	2	4	1	2	3	4	5	6	7		2	4	6							4							2	4	5	10								1	2	5	10	12																						9	12	14	17	20	25																					1	3	4	16	21													5	1	2	9	12							13											13									13	13	13	1																								2	3	8									1	6		1	6	10	14	23																	2	11																						5	3																																																																																																																										11	11	4	1	รสดี  ajinomoto	10	5	5	5	5	5	5	5	5	1	รสดี Ajinomoto ตัวช่วยปรุงอาหาร	8	4	5	4	4	4	5	5	4	2		10	5	4	5	4	4	5	5	4	2		9	4	3	4	3	5	3	5	4		1	สร้างการรับรู้เกี่ยวกับ รสดี ajinomoto โดยมีน้องมาสคอตมาโปรโมท	10	5	5	5	5	5	5	5	1	2	5													1	3	6	7	9	10							2									5	13		9									2	1	C327082372_1-1-1-sget5g9w80br1wg8ih5bzatdjr	
100000436	1	1	1	3980	3980							1	1		2	26	2	1		1	3	1	6	2	1	2	3	4	5	6	7		1	2	3	4	5	6	7			1	2	3	4	5	6	7	4																						4	3	5	3	4		2									4	5	7	12	14	17	19	21	25																		1	2	6	8	16	21												2	1	4	10								1	10										10									10	10	1	10										5																									2			1	3	6	8	15	16	23															1	4	6	15																				4	3																																																																																								2	8	9																																7	5	4	1	ง่าย สะดวก รสชาติอร่อย	8	4	5	4	5	4	4	5	5	1	สนุกกับการทำอาหาร รสชาติอร่อย ทำง่าย สะดวก ไม่ต้องปรุงเยอะ	9	4	4	5	4	5	4	4	5	2		8	4	4	3	4	5	4	4	5	2		6	4	3	5	4	5	3	5	4		1	ปรุงง่าย หาง่าย อร่อย สะดวก	9	5	5	4	5	4	5	5	1	5	2													1	2	5	6									2									4	4		9									2	1	C327082372_1-1-1-sg6v8klb5n790lqtd9yxea5o1r	
100000662	1	1	1	8154	8154							3	1		2	29	2	3		1	2	1	7	1	1	2	3	4	5	6	7		1	2	3	4	5	6	7			1	2	3	4	5	6	7	4																						2	5	5	1										1		3	5	6	7	9	10	11	14	15	17	19	20	22	23	25												1	2	3	4	8	9	12	17	19	20								5	1	2	3	7	9						1	2	3	7								1	2	3							1	1	2	2	5	4	4																																1	1		3	10	12	14	17	19	21	22	23													2	6	15	17	20	22																		5	4	2	4	7	8	10	11	15	17							1	3	4	7	9	14	17								3	5	7	10	16	17																																																																																								11	10	2	1	ทำให้อาหารอร่อยขึ้น	10	5	4	5	5	4	4	5	5	1	ช่วยทำอาหารให้อราอยขึ้น	9	5	5	5	5	5	4	4	5	1	ช่วยให้อาหารอร่อยขึ้น	9	5	5	4	5	5	5	5	5	1	เติมให้อาหสรกลมกล่อมจึ้น	10	5	5	5	5	5	5	5	5		1	อาหารอร่อยขึ้นด้วยอูมามิ	9	4	5	5	4	4	5	4	2	1	3													1	3	4	6	8	9	10						1									5	7		9									2	1	C327082372_1-1-1-sgytbcz6tc88m7kr2gtqhaafma	
100000496	1	1	1	7169	7169							44	3	1	2	29	2	3		1	1	1	4	3	1	2	3	4	5	6	7		1	2	3	4	5	6	7			1	2	3	4	5	6	7	4																						1	5	5	1										1		3	4	5	6	7	8	9	10	13	15	19	21	24	25													1	3	6	7	8	9												5	1	2	3	4	7	9	10	11	12		1	2	3	4	7	10						1	2	3	4						2	2	1	2	5	4	4	4																															1	2		3	6	11	12	15	23																2	15																						5	5	1	4	9	11	15	17									7	9													1	4	8	11	15										7	9																																																																														11	10	2	1	อายิโนะโมะโต	10	5	5	4	4	5	4	4	4	1	อายิโนะโมะโต๊ะ	10	5	5	5	5	5	5	4	4	1	อายิโนะโมะโต๊ะ	9	5	5	5	4	4	5	5	4	1	อายิโนะโมะโต๊ะ	10	5	4	5	5	5	5	4	4		1	อร่อยได้ทุกเมนู	9	5	4	5	5	4	4	4	3	1	2													1	3	4	6	7	10							1									5	8		7									2	1	C327082372_1-1-1-sgx1sgw2x1yd1maau6zv8f93mi	
100000665	1	1	1	646	646							2	1		2	30	2	3		1	2	1	7	1	1	2	3	4	5	6	7		1	2	3	4	5	6	7			1	2	3	4	5	6	7	4																						2	5	5	1										5		3	4	5	6	7	8	9	10	11	14	16	18	20	22	23	24	25										1	2	3	6	8	9	10	12	17	18	19	20	21					5	1	2	3	4							1	2	3	4								1	2	3							1	1	2	1	5	4	4																																1	7		2	7	11	19	20	21																1	2	4	11	21	23																		5	4	1	2	4	5	8	15	17								5	9	10	15	17										5	8	9	15	17																																																																																									11	10	3	1	อาหารอร่อยขึ้นได้	10	5	5	5	5	5	5	5	5	1	ทำให้อูมามิขึ้น	10	5	5	5	5	5	5	5	5	1	เติมในอาหารรสอร่อยขึ้น	10	4	5	5	5	5	4	5	5	1	ทำให้อร่อยขึ้น	10	5	4	5	5	5	5	5	5		1	ทำอาหารง่ายขึ้น	10	5	5	5	5	5	5	5	1	2	3													1	2	3	5	7	8	11						1									5	6		9									2	1	C327082372_1-1-1-sgp27x3y3e7znpehwi72gcs8t9	
100000428	1	1	1	3185	3185							44	3	2	2	38	3	3		1	3	1	2	4	1	2	3	4	5	6	7		1	2	3	4	6	7				2	3	4	6	7			4																						3	7	5	1										5		6	7	12	14	15	17	24																				2	3																5	1	2									1	2										1									1	1	2	1	5																																		2			7	8	11	22																		7	11																						5	5	1																																																																																																																									10	11	4	1	ผงปรุงรสรสดี	6	5	4	5	4	5	4	5	4	2		7	3	4	3	4	4	4	4	3	2		7	4	4	3	4	3	4	4	4	2		10	4	5	5	4	5	5	5	5		2		8	4	4	4	3	4	5	4	4	5	2													1	2	3										4										2		8									2	1	C327082372_1-2-2-sgnmy5x5g2izutb0durg0ake78	
100000737	1	1	1	7265	7265							3	1		2	23	2	1		1	2	1	3	4	1	3	5	6	7				5	6	7							5	6	7					2	4										1	2	5	8	10																						2	4	8	9	12	17	22																				1	3	6	8	9	10												4	2	7	9	11							13											13									13	13	13	9																								2	3	5	8								2			1	6	23																			1	6																						4	4																																																																																																																										8	9	1	2		10	4	4	5	5	5	4	4	5	1	ยี่ห้ออายิโนะโมะโตะ  โดยมีนักแสดงมาทำอาหารแล้วใส่สิ่งนี้เข้าไปช่วยทำให้อร่อยชึ้น	10	4	4	5	5	4	4	5	5	2		7	4	4	3	4	4	4	4	4	2		8	4	5	4	4	4	4	4	4		2		9	5	4	4	5	4	5	5	2	5	3													3	4	7	9	10								4										15	เกษตรกรรม	7									2	1	C327082372_1-1-1-sgu96mstso5q2zeloxm8zq6eyq	
100000185	1	1	1	10312	10312							1	1		2	22	2	1		1	3	1	3	4	1	2	3	4	5	6	7		1	2	3	4	5	6	7			1	2	3	4	5	6	7	4																						3	3	4	1										1		5																										3																	5	1	10									1	10										1	10								1	1	13	1	4									4																									1	1		1	8	9																			4																							5	3	1	2	3	5	8																																																																																			1	2	3																																9	9	3	1	การทำอาหารโดยมีผลิตภัณฑ์	9	5	5	5	5	4	5	5	4	1	การใช้ผลิตภัณฑ์การทำอาหาร	10	4	5	4	5	5	5	5	5	1	ใส่ในอาหารอะไรก็อร่อย	8	4	5	5	4	4	4	5	5	1	ใส่แล้วทำให้อาหารมีรสชาติขึ้น	8	5	5	4	5	4	4	5	5		1	เมนูง่าย ๆ หรือที่เห็นกันบ่อย ก็สามารถทำได้	10	4	5	5	5	5	5	4	5	2	4													1	3	4	5	8								2									4	13		8									2	1	C327082372_1-1-1-sg19e6c92npc6i1ych3kdip8y0	
100000162	1	1	1	190	190							49	4	2	2	29	2	1		1	1	1	3	3	1	2	3	4	5	6	7		1	2	3	4	5	6	7			1	2	3	4	5	6	7	4																						1	5	5	1										1		4	5	6	7	8	9	10	11	12	13	14	15	17	18	19	20	24	25									1	3	4	6	7	8	9	10	12	16	20	21						5	1	3	9								1	3										1	3								1	1	3	1	5		5																																2			1	2	3	4	6	7	8	9	11	14	15	16	20	23								2	7	8	9	14	15	16	20																5	5	1	2	3	4	5	7	8	9	16																				1	2	3	7	8	16																																																																																								8	9	3	2		4	3	4	4	4	4	3	3	4	2		7	4	4	4	4	4	4	4	4	2		8	3	4	4	4	4	4	4	4	2		8	4	4	4	4	4	4	4	4		2		10	4	4	4	4	4	4	4	1	4	5													1	3	4	6	9	10							2									4	10		9									2	1	C327082372_1-1-1-sgj5dv6f37zi3v2m0djkk7u7na	
100000212	1	1	1	4616	4616							3	1		2	22	2	3		1	1	1	4	3	1	2	3	4	5	6	7		1	2	3	4	5	6	7			1	2	3	4	5	6	7	4																						3	5	5	1										1		3	4	5	8	9	10	11	12	13	14	15	17	18	19	20	22	23	24	25								1	2	3	4	6	7	8	9	10	12	16	17	18	19	20	21		5	1	2	3	4	7	9	10	11	12		1	2	3	4	9	10	11	12				1	2	3	4	9	11	12			1	1	3	4	5	4	5	4					2		2	3																							1	12		1	2	3	4	6	7	8	9	10	11	12	14	15	16	17	18	19	20	21	22	23	1	2	3	4	6	7	8	9	10	11	12	14	15	16	17	18	19	20	21	22	23			5	5	1	2	3	5	7	8	9	11	14	15	16	17			1	2	3	4	5	7	8	9	10	11	14	15	16	17	1	2	3	4	5	7	8	9	11						1	2	4	7	8	9	14	17																								1	3	4	5	7	9	11	14	15	16	17																																						11	11	2	1	อายิโนะโมโต๊ะ	10	5	5	5	5	5	5	5	5	1	ผงชูรสยี่ห้อ อายิโนะโมโต๊ะ ใช้ในการทำอาหารได้หลากหลายทั้งผัด ต้ม แกง ทอด ชูรสชาติวัตถุได้ดีขึ้น มีความอูมามิโดยไม่ต้องปรุงรสให้หลายขั้นตอน	10	5	5	5	5	5	5	5	5	1	my secret dish with อายิโนะโมโต๊ะ ช่วยทำให้อาหารอร่อยขึ้น ลดปริมาณโซเดียมในการปรุงอาหารเพิ่มขึ้น	10	5	5	5	5	5	5	5	5	1	ผลิตภัณฑ์อายิโนะโมโต๊ะ  ทำอาหารได้ง่ายขึ้น	10	5	5	5	5	5	5	5	5		1	อายิโนะโมโต๊ะ สามรถทำอาหารได้หลากหลาย ทั้งทอด ผัด ก็สามารถทำได้	10	5	5	5	5	5	5	5	2	5	3													1	2	3	4	5	6	7	8	9	10	11		1									5	3		9									2	1	C327082372_1-1-1-sgyyg3qc4xdv3qbe2elg711zrl	
100000046	1	1	1	2667	2667							1	1		2	23	2	1		1	3	1	3	4	1	2	3	4	5	6	7		1	2	3	4	5	6	7			1	2	3	4	5	6	7	4																						1	4	5	1										1		2	4	5	6	7	8	9	10	11	12	14	15	17	18	19	20	25										1	2	3	4	6	7	8	9	10	12	16	17	18	19	20	21		5	1	2	3	12							1	3										1									1	1	2	1	5																																		1	6		1	2	3	4	6	7	8	9	10	11	12	14	15	16	17	18	19	20	21	22	23	1	2	3	4	6	7	9	16	18	19	22													5	3	1	2	3	4	5	7	8	9	11	15	16	17																																																																																																														11	11	2	1	ผงปรุงรสวิเศษ	10	4	4	5	4	4	4	4	3	1	ทำได้หลายเมนู	10	5	3	4	4	4	4	4	5	1	อาหารที่ปรุงอร่อยนั้นมีสูตรลับก็คือ อายิโนะโมโต๊ะ	9	4	4	4	3	3	4	4	4	1	อร่อย หลากหลาย อาหารของครอบครัว	9	4	4	5	3	3	4	4	3		1	สามารถทำอาหารที่เราคิดถึงได้ และได้รสชาติที่เราต้องการง่ายๆ	10	5	5	3	4	5	5	4	4	5	1													1	2	3	4	5	7	8	9	10				2									4	13		9									2	1	C327082372_1-1-1-sgwi7qertj4xzwn2bne20v5uv5	
100000655	1	1	1	6083	6083							1	1		2	24	2	1		1	3	1	9	1	1	2	3	4	5	6	7		1	4	7							1	4	7					2	3	4									1	2	3	10	11													1	6								5	6	19																								3	21																4	1	4	7	10							13											13									13	13	13	7																								2	3										1	10		3	4	6	19																		4	11	14																					5	5																																																																																																																										9	9	2	2		8	4	4	5	4	4	4	4	4	1	ทำให้อาหารมีรสชาติกลมกล่อม อูมามิ	8	4	4	5	4	4	4	5	4	2		8	4	5	5	5	4	4	4	4	2		8	4	4	5	4	4	4	5	4		1	ว่าผงชูรสยี่ห้อนี้ช่วยลดโซเดียม และช่วยทำให้อาหารมีรสชาติกลมกล่อมมากยิ่งขึ้น ใช้ง่าย	9	4	4	4	5	4	4	4	1	2	5													2	3	4	6	8	10							2									4	4		10									2	1	C327082372_1-1-1-sg7xe70xqoqi4movutclwwvid9	
100000013	1	1	1	6334	6334							47	4	1	2	30	2	1		1	3	1	11	1	1	2	3	4	5	6	7		1	2	3	4	5	6	7			1	2	3	4	6	7		4																						1	2	5	2												3	4	5	6	7	9	10	11	12	14	17	19	20	25													1	2	3	4	6	7	8	9	10	16	20	21						5	1	3	7								1											1									1	1	7	1	5																																		2			2	3	4	6	8	9	12	14	15	16	20	22	23									1	6	8	9	11	22	23																	5	3	1	2	3	7	8	9	16																																																																																																																			11	1	3	1	การทำ ทอดมันเห็ด ผสมด้วยผลิตผงปรุงรสของ อายิโน๊ะโมโต๊ะ	10	5	4	5	5	5	4	5	4	1	การปรุงด้วยผลิตภัณฑ์ช่วยเพิ่มรสชาติ	10	5	4	4	3	4	4	4	4	1	การเปลี่ยนแพคเกจจิ้งใหม่ และเตตะวัน พรีเซนเตอร์	10	4	4	4	5	5	4	5	5	1	การทำข้าวผัดปู ปรุงด้วยผลิตภัณฑ์ช่วยให้เพิ่มรสชาติยิ่งขึ้น	10	3	5	4	3	4	4	5	5		1	การโปรโมท ผลิตภัณฑ์ให้น่าซื้อยิ่งขึ้น	7	4	4	3	5	4	3	3	1	4	2													1	2	3	9	10	11							2									4	8		8									2	1	C327082372_1-1-1-sg742mirkesx0s1g2c678vlrbi	
100000264	1	1	1	2592	2592							1	1		2	27	2	1		1	2	1	9	1	1	2	3	4	5	6	7		1	2	3	4	6	7				1	2	3	4	6	7		4																						1	6	5	2												5	7	10	12	15	25																					1	2	3	6	9	16												4	1	2	4	7	10	12					1	4	7	10								1	4	7	10						1	1	4	10	5			5			4			4																									1	7		3	10	11	15	16	23																3	8	11	12	23																			5	5	1	2	3	4	5	7	9																																				3	4	9	11													1	4	7	8																										4	8	9	14																															9	8	1	1	อายิโนะโมโตะ	8	4	5	4	5	4	5	5	5	1	อายิโนะโมโตะ	9	5	5	4	5	5	4	5	5	1	ผงปรุงรสอายิโนะโมโตะ	8	4	5	5	4	5	4	5	4	1	อายิโนะโมโตะ	10	4	5	4	4	5	5	5	4		1	ประโยชน์และส่วนผสม	10	4	5	4	5	5	5	4	5	1	4													1	3	4	7	10								2									4	8		9									2	1	C327082372_1-1-1-sgu62s918ab1nzusvuddyfc7uk	
100000877	1	1	1	4797	4797							1	1		2	31	2	3		1	1	1	5	3	1	2	3	4	5	6	7		1	2	3	4	5	6	7			1	2	3	4	5	6	7	4																						1	5	5	2												4	5	9	10	11	12	14	15	18	19	24	25															1	2	3	4	6	8	9	10	12	16	20	21						5	1	4	9								1											1									1	1	4	1	5																																		1	8		1	2	3	4	6	7	8	9	10	12	14	15	16	20	22	23						1	2	3	4	6	8	12	16	23															5	5	1	2	3	4	7	8	9	11	15	16																																																																																																																11	11	3	1	ดูแล้วสนุก เพลินดี	10	5	5	5	5	5	5	5	5	1	เพลินดี สนุก	10	5	5	5	5	5	5	5	5	1	ผงชูรสที่ดี	10	5	5	5	5	5	5	5	5	1	ทำให้ดูเพล	10	5	5	5	5	5	5	5	5		1	น่ารักเพราะมีรูปแพนด้า	10	5	5	5	5	5	5	5	3	2	1													3	4	5	7	8	9	10						1									5	1		9									2	1	C327082372_1-1-1-sgz1qv8c0zwtsef4i2rppludl9	
100000265	1	1	1	4107	4107							1	1		2	30	2	1		1	2	1	6	2	1	2	3	4	5	6	7		1	2	3	4	5	6	7			1	2	3	4	6	7		4																						2	2	5	2												2	3	4	6	7	13	14	15	19	21	22	23	24														1	2	3	4	6	7	8	9	10	16	20							5	1	2	3	4							1	2	3	4								1	2								1	1	4	1	5	4																																	1	9		1	2	3	4	6	7	8	9	12	15	16	22	23									1	2	3	6	14	16	22																	5	5	1	3	5	7	8	9	16								1	3	16																																																																																																									9	10	2	1	จุดขายของแบรนด์	8	4	4	4	4	4	4	4	4	1	ปรุงได้ทุกเมนู ใส่แล้วทำให้อาหารรสชาติอร่อยขึ้น ไม่ต้องปรุงเยอะก็อร่อย	9	4	5	5	4	5	5	5	5	1	ต้องการจะสื่อว่าใส่ไปในอาหารแล้วช่วยลดโซเดียมในอาหาร เพราะบางคนยังเข้าใจผิดว่าใส่แล้วโซเดียมเยอะ แต่ความจริงแล้วไม่ใช่ ใส่แล้วมีประโยชน์	9	5	5	4	5	5	4	5	5	1	สื่อถึงหัวใจหลักของแบรนด์	8	4	4	4	4	4	5	4	4		1	ทำได้หลากหลายเมนู	10	5	4	5	5	5	5	5	5	1	2													1	2	3	4	7	8	9	10					1									5	3		9									2	1	C327082372_1-1-1-sg6gqz3wvb6uq4fdr76errwuq0	
100000149	1	1	1	2792	2792							1	1		2	33	2	2		1	2	1	6	2	1	2	3	4	5	6	7		1	2	3	4	5	6	7			1	2	3	4	5	6	7	4																						3	3	4	2												5	7	8	10	11	12	14	17	19	25																	1	2	3	6	7	8	9	16	21									4	1	3	4	7	11						1	4										1	4								1	1	4	4	4			3																															1	1		1	2	3	4	6	7	8	9	11	14	15	16	23									1	3	8	9	11	14	23																	4	4	1	2	3	5	7	8	9	10																																			1	2	3	4	9	11	15																																																																									8	10	1	2		10	5	5	5	4	5	4	5	4	2		10	5	4	5	4	4	5	4	5	2		8	4	4	4	4	5	4	5	5	2		8	4	5	4	4	5	4	4	4		2		10	4	4	5	4	5	5	5	1	4	5													1	2	3	4	6	7	8	10					4										3		9									2	1	C327082372_1-1-1-sgdhzzmpw5va8d4orwfg52hfhc	
100000926	1	1	1	1468	1468							1	1		2	24	2	1		1	2	1	4	3	1	2	3	4	5	6	7		1	2	3	4	5	6	7			1	2	3	4	5	6	7	4																						1	5	5	2												10	11	12																								3	8	9															5	1										1											1									1	1	13	1	5																																		1	6		3	8	23																			1																							5	5	1	3																																																																																																																								7	7	3	1	อายิโนะโมโตะ	9	4	4	4	4	4	4	4	4	1	อายิโนะโมโตะ	9	5	5	5	5	5	5	5	5	1	อายิโนะโมโตะ	8	4	4	4	4	4	4	4	4	1	อายิโนะโมโตะ	9	4	4	4	4	4	4	4	4		1	คุณสมบัติของอายิโนะโมโตะ	10	4	5	5	5	5	5	5	4	1	2													1	3	7										1									5	13		7									2	1	C327082372_1-1-1-sgqw02thmnxeuyak4nu3y7wb31	
100000097	1	1	1	2316	2316							5	2	1	2	23	2	1		1	2	1	2	4	1	2	3	4	5	6	7		1	2	3	4	7					2	3	4					4																						1	2	5	2												2	4	5	12	13	19	25																				1	2	3	8	9	16												5	1										1											1									1	1	13	1	5																																		1	12		6	8	9	14	15	16																8	22	23																					5	3	1	2	3	4	5	8																																																																																																																				9	11	3	1	ชอบมากกเป็นวิดีโอที่ดีน่ารักสื่อความเป็นแบรนด์ได้ดี	10	5	5	4	5	4	4	5	5	1	เป็นวิดีโอที่สนุกสื่อถึงแบรนด์ได้ดี	10	5	5	5	5	5	5	5	5	1	เป็นการเลือกพรีเซนเตอร์ได้ดีมากทำให้ผู้คนหันมาสนใจได้มากขึ้น	10	5	5	5	5	5	5	5	4	1	น่ารักแสดงให้เห็นว่าแค่มีชูรสก็ทำให้การทำอาหารง่ายขึ้น	10	5	5	5	5	5	5	5	5		1	สีสันน่ารักทำให้ผู้คนเห็นชัดว่าผงชูรสสามารถทำอาหารได้หลากหลาย	10	5	5	5	5	5	5	5	2	4	5													1	7	9	10									2									4	8		8									2	1	C327082372_1-1-1-sgta7rthtftmwmqjla7f5uyk1g	
100000210	1	1	1	10951	10951							1	1		2	21	2	1		1	2	1	4	3	1	2	3	4	5	6	7		1	2	3	4	5	6	7			1	2	3	4	5	6	7	4																						3	3	4	2												10	12	15	19	25																						1	2	3	6	8	9												4	1	2	9								1											1									1	1	13	1	4																																		1	12		2	6	8	9	10	22																2	10																						4	4	1	2	3	5	7	8	9																																																																																																																			11	10	3	2		7	4	4	4	4	4	5	4	4	1	การปรุงรสอาหาร	8	4	4	4	4	5	4	4	4	1	ผงชูรสใช้ได้กับอาหารหลายชนิด และทำให้รสชาติกลมกล่อม	9	4	5	4	4	4	5	4	4	2		8	4	4	4	4	4	5	4	4		1	เมนูต่างๆที่มีส่วนประกอบของเครื่องปรุงรส	9	4	4	5	5	5	4	5	5	1	4													1	3	4	5	7	9							2									5	8		9									2	1	C327082372_1-1-1-sgiwp1wkm7tn56l7bb9gefse37	
100000477	1	1	1	263	263							47	4	1	2	22	2	1		1	1	1	10	1	1	2	3	4	5	6	7		1	2	3	4	5	6	7			1	2	3	4	5	6	7	4																						2	5	5	1										1		1	2	6	7	8	9	11	12	17	21	22	23	25														2	3	4	6	8	9	16	21										5	1	2	4	9	10						1	2	4	9								1	2	4	9						1	1	4	1	5	5		5					5																										1	6		1	2	3	6	7	8	10	11	14	15	16	22	23									1	2	3	4	6	8	9	11	14	15	16	23												5	5	1	2	3	5	7	8	15	16							1	2	3	7	11	15	16																						1	2	3	7	15	16																										1	2	3	4	7	8	15	16																																									11	10	2	1	อาหารอร่อยมากขึ้น เพราะมีอายิโนะโมโตะ เพราะทำให้รสชาติดี ลงตัว ใช้ได้กับอาหารหลากหลาย	10	5	5	5	5	5	5	5	5	1	อายิโนะโมโต๊ะเป็นตัวช่วยที่ทำให้การทำอาหารอร่อย และมีรสชาติกลมกล่อมมากขึ้น เหมาะทั้งคนที่ชอบทำอาหาร หรือแม้แต่คนพึ่งฝึกทำอาหารด้วย	10	5	5	5	5	5	5	5	5	1	อายิโนะโมโต๊ะทำให้มีรสชาติอูมามิ อร่อยขึ้น อีกทั้งยังมีกิจกรรมดี ๆ สำหรับผู้บริโภคด้วย	10	5	5	5	5	5	5	5	5	1	อายิโนะโมโตะทำให้การทำอาหารสนุกมากขึ้น ไม่น่ากลัว เพราะมีตัวช่วยที่ทำให้อาหารรสชาติดีมาก	10	5	5	5	5	5	5	5	5		1	การทำอาหารสนุกขึ้น เพราะมีอายิโนะโมโตะคอยผสมผสานรสชาติให้กลมกล่อม และอร่อย	10	5	5	5	5	5	5	5	2	4	5													1	2	3	4	6	7	8	10					1									5	3		9									2	1	C327082372_1-1-1-sg7c055d6fixacvulr7a2siu7y	
100000583	1	1	1	10706	10706							15	2	1	2	25	2	1		1	1	1	7	1	1	2	3	4	5	6	7		1	2	3	4	5	6	7			1	2	3	4	5	6	7	4																						1	4	5	2												1	3	5	6	7	9	10	11	12	13	14	15	17	18	19	21	23	24	25								1	2	3	6	7	8	9	10	12	16	21							5	1	2	3	4	9						1	2	3	4	9							1	2	3	4	9					1	1	2	1	5	5	5	5					4																										1	1		1	2	3	7	8	9	10	11	15	16	19	20	23									1	2	3	4	7	8	9	10	11	12	15	16	19	20	23									5	5	1	3	5	7	8	9	16								1	3	5	7	8	9	16								1	3	5	7	8	15	16								1	3	4	5	7	8	15	16																								1	3	5	8	15	16																																											11	11	3	1	ผลิตภัณฑ์อายิโนะโมโต๊ะ	10	5	5	5	5	5	5	5	5	1	ผลิตภัณฑ์อายิโนะโมโต๊ะ	10	5	5	5	5	5	5	5	5	1	อายิโนะโมโต๊ะทำให้อาหารกลมกล่อม อร่อยยิ่งขึ้น	10	5	5	5	5	5	5	5	5	1	ไข่ข้นปู สิ่งสำคัที่สุดคืออย่าลืมใส่อายิโนะโมโต๊ะไปด้วยทำให้อาหารมีรสชาติดีมากขึ้น	10	5	5	5	5	5	5	5	5		1	เป็นสื่อที่แนะนำสินค้า และสื่อให้เห็นว่าผลิตภัณฑ์นี้เป็นตัวที่ช่วยทำให้อาหารมีรสชาติดี	10	5	5	5	5	5	5	5	4	3	1													1	2	3	4	5	6	7	8	9	10	11		1									5	8		9									2	1	C327082372_1-1-1-sgvo61voy6v4iycynyqi684s95	
100000976	1	1	1	5732	5732							6	2	2	2	30	2	1		1	2	1	3	3	1	2	3	4	5	6	7		1	2	3	4	5	6	7			1	2	3	4	5	6	7	4																						1	3	5	2												4	5	6	7	8	10	11	12	13	14	15	17	19	20													2	3																4	1	3	7	10							1	3										1									1	1	13	1	5																																		2			8																					8																							5	5	1																																																																																																																									4	1	1	2		4	3	4	4	4	4	4	4	4	2		6	4	4	4	4	4	4	4	4	2		7	4	4	4	4	4	4	4	4	2		6	4	4	4	4	4	4	4	4		2		5	4	4	4	4	4	4	4	4	2	1													2	3											2									4	8		9									2	1	C327082372_1-1-1-sg6pfdi8waqxm5rrjiaw138qae	
100000855	1	1	1	2919	2919							32	3	1	2	22	2	1		1	2	1	4	3	1	2	3	4	5	6	7		1	2	3	4	5	6	7			1	2	3	4	5	6	7	4																						2	3	5	2												3	4	5	6	7	9	10	11	12	13	21	22	23	24	25												1	2	3	6	8	9	21											5	1	2	10	12							1	2										1									1	1	10	1	5																																		1	10		1	2	3	6	8	9	16	23														1	2	3	6	23																			5	5	1	2	3	5	7	16																																																																																																																				7	8	2	1	ผงชูรสยี่ห้อนี้ช่วยให้การทำอาหารง่ายขึ้น ผสมผสานความกลมกล่อม	10	4	5	5	4	5	4	4	5	1	ผงชูรสช่วยให้รสชาติอาหารมีความกลมกล่อมมากขึ้น ช่วยผสมผสานความกลมกล่อม	9	5	5	5	4	5	5	5	5	1	ผงชูรสช่วยให้การทำอาหารง่ายขึ้น ทำให้ปรุงอาหารได้ง่ายขึ้น	9	4	5	4	5	5	4	5	5	1	ผงชูรสยี่ห้อนี้หาซื้อได้ง่าย ทำให้ปรุงอาหารได้ง่าย รสชาติดี	9	5	5	5	5	5	5	5	5		1	ผงชูรสยี่ห้อที่มีแพนด้านี้ สามารถทำอาหารได้หลากหลาย ปรุงอาหารได้ง่าย สบาย สะดวก	10	5	5	4	5	5	5	5	2	4	3													1	2	3	4	5	9							2									4	4		9									2	1	C327082372_1-1-1-sgw15u4rf6p4dff3v82p80b6kq	
100000770	1	1	1	10818	10818							1	1		2	30	2	3		1	3	1	6	2	1	2	3	4	5	6	7		1	2	3	4	5	6	7			1	2	4	5	6	7		3																												4	5	6							5	7	12	17	25																						2	3	4	8	19	21												4	1	2	10								1	2										13									13	13	13	13																	1		1																1	6		1	2	3	7	8	19	23															2	4	7	8	19	23																		5	4																																																																																																																										11	10	1	1	ช่วยเป็นส่วนผสมในการปรุงวัตถุดิบสำหรับทำอาหารเพื่อให้มีรสชาติกลมกล่อม รสดีขึ้น	10	5	5	5	5	5	5	5	5	1	ช่วยปรุงอาหาร ทำให้รสชาติดีขึ้น	10	5	5	5	5	5	5	5	5	1	ช่วยทำให้รสชาติของการทำอาหารอร่อยขึ้น รสชาติดี	10	5	5	5	5	5	5	5	5	1	ช่วยทำให้อาหารอร่อยขึ้น รสชาติดีขึ้นมาก	10	5	5	5	5	5	5	5	5		1	สามารถนำไปปรุงอาหารได้หลากหลายรูปแบบ เช่น หมูทอด ไส้กรอกทอด	10	5	5	5	5	5	5	5	1	4	5													1	2	3	4	5	7	9						1									5	3		9									2	1	C327082372_1-1-1-sga8w983j7kn1uuikeoyf3nmdj	
100000809	1	1	1	5684	5684							1	1		2	23	2	1		1	1	1	5	3	1	2	3	4	5	6	7		1	2	3	4	5	6	7			1	2	3	4	5	6	7	4																						1	6	5	2												4	5	6	7	9	10	11	12	13	14	15	17	19	20													1	3	4	6	8	9												4	1										1											1									1	1	13	1	5																																		2			1	2	3	4	6	7	8	9	10	11	12	14	15	16	17	19	20	21	22	23		1	22	23																					4	4	1	2	3	4	5	7	8	9																																																																																																																		8	7	3	1	คุณภาพและรายละเอียดของสินค้า	6	4	3	4	3	4	4	4	4	2		5	3	3	3	3	3	3	4	3	1	มาสคอต และกิจกรรมของอายิโนะโมโต๊ะ	5	4	3	4	4	3	4	4	4	1	คุณภาพและรายละเอียดของสินค้า	6	3	4	4	4	4	4	4	3		1	โปรโมชั่น และบอกรายละเอียดของสินค้า สื่อสารได้ดี ใช้สีได้ยูนีค	7	4	4	3	4	4	4	4	1	5	4													3	4	9										3									4	3		9									2	1	C327082372_1-1-1-sgbb8apmtyxw4nmihtgprpbbvv	
100000757	1	1	1	1680	1680							1	1		2	29	2	3		1	1	1	7	1	1	2	3	4	5	6	7		1	2	3	4	5	6	7			1	2	3	4	5	6	7	4																						3	5	5	2												2	4	5	7	8	9	10	11	12	14	15	17	19	20	25												1	2	3	4	6	8	9	16	17	21								5	1	2	3	4	7	9	10				1	2	3	4	7							1	2	4	7						1	1	7	1	5	4		3			5																												1	1		1	3	4	8	9	10	11	15	16	19	23											1	8	9	11	14	23																		5	5	1	2	3	4	5	7	8	9	17						1	3	4	8	9	16																							1	3	8	9													1	2	5	8	9	17																																																										9	8	2	1	เข้าถึงง่าย ใส่ใจผู้บริโภค	8	4	4	4	4	4	4	4	4	1	ความอร่อย ทำให้อาหารรสชาติดีขึ้น	8	5	4	5	4	5	4	5	4	1	เข้าถึงง่าย ใส่ใจผู้บริโภค	8	4	4	4	4	4	4	4	4	1	เข้าถึงง่าย ใส่ใจผู้บริโภค	8	4	4	4	4	4	4	4	4		1	ความสร้างสรรค์ ความใส่ใจต่อผู้บริโภค	8	4	4	4	4	4	4	4	5	1	2													1	2	3	4	5	7	8	9	10				2									5	1		11									2	1	C327082372_1-1-1-sgo2pewz8nz7mg5ffbtu5n3itt	
100000759	1	1	1	385	385							3	1		2	23	2	3		1	1	1	3	4	1	2	3	4	5	6	7		1	2	3	4	6	7				1	2	3	4	7			4																						2	3	5	1										3		12	15	19																								2	3	19															4	1	2									1											1									1	1	13	2	5																																		1	2		3	6	19																			1	3	4	6																				4	3	3	4	7	9	15																																																																																																																					11	10	3	1	การใช้งชูรสทำอาหารทำให้อาหารอร่อยได้ง่าย เพราะช่วยผสานรสชาติ	9	4	4	4	4	4	4	4	5	1	การใช้ผงชูรสปรุงอาหารทำให้อาหารอร่อยขึ้น	8	4	5	5	4	4	5	4	4	1	ต้องการสื่อว่าอายิโนะโมโต๊ะช่วยผสานวัตภุดิบทำให้อาหารมีรสชาติอร่อยอูมามิได้เร็วทำให้ช่วยลดโซเดียมจากเครื่องปรุงอื่น	8	4	5	5	5	4	4	4	4	1	ข้อดีของการใช้ผงชูรสในการทำอาหาร	9	4	4	5	4	4	5	5	4		2		9	5	4	4	5	4	5	5	2	1	3													1	2	4										4										10		9									2	1	C327082372_1-1-1-sgwqyobhwzi51j16y8uri7dww3	
100000820	1	1	1	9993	9993							3	1		2	21	2	1		1	3	2	4	3	1	2	3	4	5	6	7		1	2	3	4	5	6	7			1	2	3	6	7			4																						4	2	5	2												2	6	7	9	12	15	17	19	20	25																	3	6	8	9	20	21												3	1	7									1											1									1	1	13	1	5																																		1	6		2	3	6	8	9	11	14	15	20	23												3	8	9	20	23																			4	3	2	3	5	7	8	9																																																																																																																				8	9	2	2		6	3	4	4	3	3	3	5	3	1	สื่อว่าสามารถนำไปทำอาหารได้หลากหลาย แค่ช้อนเดียวก็กลมกล่อม ได้รสอูมามิแล้ว แล้วก็มีเพลงสำหรับโปรโมทด้วย	8	4	4	5	3	4	3	5	3	2		6	3	3	4	3	3	4	4	3	2		7	3	4	4	3	3	4	4	3		2		10	4	3	4	4	5	5	4	1	4	2													3	7	9	10									4										13		8									2	1	C327082372_1-1-1-sgtv0snaqztjtrpg6gi785ni6d	
100000903	1	1	1	8125	8125							1	1		2	25	2	1		1	2	1	4	3	1	2	3	4	5	6	7		1	2	3	4	5	6	7			1	2	3	4	5	6	7	4																						1	4	5	3	4		4									5	7	9	10	11	12	14	17	18	25																	1	2	3	6	8	9	16	21										4	1	2									1											1									1	1	2	1	5																																		1	6		1	2	6	8	9																	4	6	22																					5	3	1	2	3	4	5	8	9																																																																																																																			4	4	2	2		5	4	5	4	5	5	5	4	4	1	อายิโน๊ะโม๊ะโต๊ะ	5	4	4	4	5	4	4	5	4	1	อายิโน๊ะโมะโต๊ะ	6	4	5	4	4	4	5	4	5	2		5	4	3	3	3	3	4	4	4		2		7	4	4	5	4	4	5	4	1	4	5													1	2	3	4	7	9	10						2									4	8		9									2	1	C327082372_1-1-1-sgobqvdvhqztyseolake3yie1x	
100001057	1	1	1	9029	9029							68	5	1	2	20	2	1		1	1	1	2	4	1	2	3	4	5	6	7		1	2	3	4	5	6	7			1	2	3	4	5	6	7	4																						2	6	5	1										1		1	2	3	4	5	6	7	8	9	10	11	12	13	14	15	16	17	18	19	20	21	22	23	24	25		1	2	3	4	6	7	8	9	10	12	16	17	18	19	20	21		5	1	2	9								1											1									1	1	2	1	5																																		1	1		1																					9																							5	5	1																																																																																																																									11	11	2	1	ก็ดีนะ โอเค	5	3	4	4	4	4	4	4	2	2		2	1	3	3	3	3	3	3	3	2		2	3	3	3	3	3	3	3	3	2		6	3	3	3	3	3	3	3	3		1	ก็ดีนะ ชอบรูปแบบการนำเสนอ	10	4	4	4	4	4	4	4	5	4	1													1	2	3	4	5	6	7	8	9	10	11		2									4	13		7									2	1	C327082372_1-1-1-sgz044jnlrb9pmf0ck6vzqb57d	
100000745	1	1	1	2423	2423							3	1		2	43	3	3		1	3	1	8	1	1	2	3	4	5	6	7		1	2	3	4	5	6	7			1	2	3	4	5	6	7	4																						3	4	5	2												5	6	7	9	10	11	12	14	15	17	19	20	25														1	2	3	4	6	7	8	9	10	12	16	20	21					5	1	2	3	4	7	12					1	2	3	4	7	12						1	7								1	1	13	2	5						4																												1	1		1	2	3	4	6	7	8	9	10	11	12	14	15	16	20	21	22	23				1	2	3	4	6	7	8	9	10	12	16	20	22	23										5	5	1	3	5	7	8	9																																																					1	3	4	7	8	9	16																																																									11	11	4	2		4	3	3	3	3	3	4	4	3	2		5	3	4	3	3	3	4	4	4	2		5	3	3	3	3	3	3	4	3	2		4	3	4	3	3	3	3	4	3		1	ผสานรสชาติให้กลมกล่อมลงตัวและเป็นเพื่อนคู่ครัว	7	4	3	3	4	4	4	4	1	5	3													2	4	5	7	9	10							4										6		9									2	1	C327082372_1-2-2-sgcwhd6mos84wuc3wu2nzfdj74	
100000689	1	1	1	7771	7771							47	4	1	2	29	2	3		1	3	1	5	2	1	2	3	4	5	6	7		1	2	3	4	5	6	7			1	2	3	4	6	7		4																						2	2	5	2												10	11	12	14	15	17	18	19	20	24	25																1	2	3	6	8	9	16	17	21									4	1	3	4	9							1	4										1									1	1	3	1	5																																		1	10		1	2	3	6	8	9	11	14	15	16	22	23										1	2	3	6	8	9	16	23																4	4	1	2	3	4	5	7	8	9	15	16																																																																																																																8	8	1	1	สามารถใช้ทำเมนูทอดมันให้มีรสชาติที่กลมกล่อม	8	4	4	4	5	4	4	4	5	1	การเพิ่มความสนุกและรสชาติทำอาหารที่อร่อย	8	4	4	4	4	5	4	5	5	1	การประกอบอาหารที่สนุกและการเพิ่มรสชาติอาหาร	8	4	5	4	4	5	4	4	4	1	การเพิ่มรสชาติความอร่อยในและความสนุดในการทำอาหาร	8	5	4	5	4	5	4	4	4		1	การโฆษณาให้รายละเอียดเกี่ยวกับผงชูรสอายิแพนด้า	9	5	4	5	5	5	5	5	2	1	5													1	2	3	7	8	9	10						1									4	10		9									2	1	C327082372_1-1-1-sgcsyio4ay7hsgwc4ag2tqjn67	
100000539	1	1	1	733	733							40	3	2	2	24	2	1		1	3	1	6	1	1	2	3	4	5	6	7		1	2	3	4	5	6	7			1	2	3	4	6	7		4																						5	1	5	2												5																										1	2	3	4	19	20												5	1	3	4								1	3	4									1	3	4							1	1	3	3	5		4	3																															1	12		4	6	9	12	23																	9	14	18	20	23																			5	5	1	3	7																										1	3	7												1	3																																																																														9	10	2	2		6	3	3	4	4	4	4	4	4	1	Ajinomoto แบบลดโซเดียม	9	4	4	4	4	4	4	4	4	1	ดี มีคุณภาพ	9	4	4	4	4	4	4	4	4	1	ไม่ค่อยแน่ใจ	8	4	4	4	4	4	4	4	4		1	ยี่ห้อใหม่	10	5	5	5	5	5	5	5	3	5	1													5	7	9										2									5	8		9									2	1	C327082372_1-1-1-sgmue9598hfbvugtmcdrtmixol	
100000833	1	1	1	2029	2029							70	5	1	2	23	2	1		1	1	1	5	2	1	2	3	4	5	6	7		1	2	3	4	5	6	7			1	2	3	4	5	6	7	4																						3	5	5	3	4		4									11	12	13	19																							1	3	4	6	8													3	1	2	7	9	10						1	2										1	2								1	1	2	1	4	4																																	1	3		1	2	8	14	23																	1	2	6	7	23																			3	4	1	2	7	9											1	2	4	7																																																																																																								7	7	1	1	อร่อย กลมกล่อม	6	4	4	4	3	4	3	4	4	1	ใหม่ รสชาติดี	6	3	4	3	4	3	3	4	4	1	อร่อย รสชาติดีชึเน	6	4	3	4	3	3	4	4	4	1	ดีต่อสุขภาพ อร่อย	7	3	4	4	3	4	4	4	3		1	ทำเมนูง่ายๆได้แบบอร่อย	7	4	4	3	4	4	4	4	1	5	4													1	2	4	5									2									4	2		9									2	1	C327082372_1-1-1-sg5hxkjiu4bo15kxxlwf69ijcj	
100000310	1	1	1	7259	7259							32	3	1	2	19	2	1		1	2	1	6	1	1	2	3	4	5	6	7		1	2	3	4	5	6	7			1	2	3	4	5	6	7	4																						3	3	5	2												6	9	11	12	14	19	20																				1	3	4	7	9	19												4	1	2	4	9							1	2										2									2	2	1	2		4																																	1	3		4	8	9	19																		4	6																						5	4															1	5	9	18																																																																																					อายิโนะโมโต๊ะ พลัส เข้มข้นกว่าสูตรปกติ																			10	10	3	2		10	5	4	5	5	5	5	5	5	1	แสดงให้เห็นถึงการใช้อายิโนะโมโต๊ะมาปรุงอาหาร ให้อาหารอร่อย กลมกล่อม มั่นใจในการทำอาหารขึ้น	10	5	4	5	4	5	5	5	5	2		10	5	4	5	4	5	4	5	5	2		9	5	4	5	5	5	4	5	4		2		10	5	5	5	5	5	5	5	5	1	2													1	4	5	9									2									5	2		8									2	1	C327082372_1-1-1-sgw9l71lssae88efj9252dmdbq	
100000414	1	1	1	3766	3766							3	1		2	26	2	1		1	3	1	4	3	1	2	3	4	5	6	7		1	2	3	4	5	6	7			1	2	3	4	5	6	7	4																						3	3	4	2												5	6	10	12	13	15	17	18	19	25																	1	2	3	6	8	9	16	20										4	1	2	4	7							1	2	4	7								1	2								1	1	13	1	4	3																																	1	10		2	3	4	6	8	9	11	14	15	16	20	23										1	3	6	8	9	16	23																	5	4	1	2	3	4	5	7	8	9							1	3	4	8	11																																																																																																							9	6	3	1	โชว์ตัวของผลิตภัณฑ์	8	4	4	4	4	4	4	4	4	2		5	3	3	3	4	3	3	3	4	1	ความอร่อยและความอูมามิของผงชูรส	8	5	4	5	4	4	4	4	4	1	ความอร่อยคุ้มค่าคุ้มราคาของสินค้า	8	4	4	4	4	4	4	4	4		1	ยี่ห้อใหม่ของผลิตภัณฑ์ผงชูรส	8	4	4	4	4	4	4	4	2	1	4													1	3	6	7	8	9	10	11					1									4	10		9									2	1	C327082372_1-1-1-sg8f67904bsb0c3rptqw4iyex4	
100000528	1	1	1	7827	7827							1	1		2	25	2	1		1	3	1	3	4	1	2	3	4	5	6	7		1	2	3	4	5	6	7			1	2	3	4	5	6	7	4																						3	3	5	2												6	7	12	15	17	19	20	25																			1	3	7	20	21													5	1	2	3	4							1											1									1	1	13	1	5																																		1	1		1	2	6	8	11	14	20	23														1	23																						4	4	1	2	3	4	5	7	8	9																																																																																																																		8	8	2	2		7	4	4	4	4	4	4	4	4	1	อายิโนโมโต๊ะ	8	4	4	4	4	4	4	4	4	1	อายิโนโมโต๊ะ	7	3	4	4	4	4	4	4	4	2		7	4	4	3	4	3	3	3	3		1	ปรุงได้หลายเมนู	8	4	4	4	4	4	4	4	5	2	4													1	7											1									4	8		8									2	1	C327082372_1-1-1-sg8q53dj7bpzcce4an558b0l1r	
100000829	1	1	1	4621	4621							47	4	1	2	28	2	1		1	3	1	7	1	1	2	3	5	6	7			1	2	3	5	7					1	2	5					3																												1	2	5	7						5	9	10	12	17	19	20																				1	2	3	4	6	8	9	12	16	18	20	21						5	1	4	10	12							1	4										13									13	13	13	13																	1		1	2	5														1	6		1	2	6	8	9	10	11	12	15	18	20	23										6	8	18	20	22																			5	4																																																																																																																										9	9	3	1	ผลิตภัณฑ์นี้มีคุณภาพ	8	4	4	4	4	4	4	4	4	1	ผลิตภัณฑ์นี้มีคุณภาพมาก	8	4	4	4	4	4	4	4	4	1	อายิโนะโมโตะ ทำให้อาหารอร่อย กลมกล่อมมากขึ้นกว่าเดิม	8	4	4	5	4	4	4	4	4	1	ผลิตภัณฑ์มีคุณภาพ ช่วยให้การทำอาหารง่ายขึ้น และกลมกล่อมกว่าเดิม	8	4	4	4	4	4	4	4	4		1	ผลิตภัณฑ์สามารถนำไปเป็นตัวช่วยในการประกอบอาหารได้หลากหลายรูปแบบ	8	4	4	4	4	4	4	4	2	4	1													1	2	3	4	5	6	7	9	10				3									4	2		9									2	1	C327082372_1-1-1-sgz5uy50x9rmjxjnicn8sda4om	
100000126	1	1	1	4110	4110							15	2	2	2	25	2	1		1	3	1	2	4	1	2	3	4	5	6	7		1	2	3	4	5	6	7			2	3	4	5	6	7		4																						4	2	5	3	2											14	17	18	19	25																						1	2	3															5	1	2	9								1	9										9									9	9	1	9									2																										2			6	14	22																			12	18																						4	4																																																																										1	2	3																																														4	9	4	2		7	4	4	5	4	3	4	5	4	2		8	4	4	4	4	4	4	5	4	2		8	5	3	4	4	5	5	4	4	2		7	4	4	5	5	5	5	4	4		2		9	4	4	4	5	4	5	4	5	4	1													1	3											5										10		9									2	1	C327082372_1-1-1-sgvkfnveu9qwnp6rwwskh3sf0h	
100000590	1	1	1	10355	10355							18	2	1	2	30	2	1		1	2	1	3	3	1	2	3	4	5	6	7		2	3	5	6	7					3	5	6					4																						1	5	5	1										1		5	6	7	10	14	15	17	19																			1	3	6	7	8	9	12	16	20									5	1										1											1									1	1	13	1	5																																		1	12		1	2	3	6	7	8	9	11	12	14	15	16	20	22	23							6	20																						5	4	1	2	3	4	5	7	8	9																																																																																																																		11	11	1	2		10	4	4	5	5	5	5	5	5	1	ทำให้อาหารผสานรสชาติอย่างกลมกล่อม อูมามิ สร้างความมั่นใจในการทำอาหารมากขึ้น	10	5	5	5	5	5	5	5	5	1	ทำอาหารไม่ใช่เรื่องยาก สามารถทำได้ง่ายๆเพียงแค่เติมยี่ห้อนี้ ก็ช่วยเพิ่มความอร่อยมากขึ้น	10	5	5	5	4	4	4	4	5	2		9	4	4	4	4	4	4	5	4		1	เป็นสิ่งสำคัญที่อยู่ในทุกมื้ออาหาา หรือแม้แต่อาหารหน้าโรงเรียน ช่วยชูรสชาติอาหาร ไม่เป็นอันตราย	10	5	5	5	5	5	5	5	2	5	3													1	3	6	8	9								2									5	8		9									2	1	C327082372_1-1-1-sg7vkyfau2jthtm1x0yz76cjwu	
100000846	1	1	1	4336	4336							6	2	2	2	26	2	3		1	2	1	6	1	1	2	3	4	5	6	7		1	2	3	4	5	6	7			1	2	3	4	5	6	7	4																						3	3	5	3	4		1	6								3	12	13	17	19	25																					1	2	3	4	6	8	20	21										4	1	2	4	9							1	2										1	2								1	1	13	1	5	5																																	1	6		1	2	3	6	8	14	15	20	23													1	3	23																					4	3	1	2	5	7	9										1	4	5	9																																																																																																								10	8	1	2		8	4	4	5	4	4	5	5	4	1	Good and make food delicious	9	4	4	4	4	4	5	5	5	2		8	3	4	4	3	3	5	4	3	2		10	5	5	5	3	5	5	5	5		1	Can make many foods	10	4	4	5	5	5	5	5	5	1	2													1	3	4	5	6	8	9	10					2									5	3		9									2	1	C327082372_1-1-1-sgkh7z6ru6v2ptsjf4vru7j2bg	
100000953	1	1	1	10233	10233							1	1		2	26	2	1		1	2	1	6	2	1	2	3	4	5	6	7		1	2	3	4	5	6	7			1	2	3	4	5	6	7	4																						4	3	5	3	4		1	2	6							1	5	7	9	11	12	14	17	19	20	23	24	25														1	3	4	8	16	21												4	1	2	3	4	7	9					1	2	3	4	7	9						1	2								1	1	2	3	5	5																																	1	10		2	4	14	16																		2	3	4																					4	4	1	2	3	7											1	5	8	9																																																																																																								10	10	4	2		8	4	4	4	4	4	4	4	4	2		8	4	4	4	4	4	4	4	4	1	ยี่ห้อยิโมโฯโตะ	8	4	4	4	4	4	4	4	4	2		8	4	4	4	4	4	4	4	4		2		8	4	4	4	4	4	4	4	4	1	2													1	2	3	5									2									3	8		9									3	1	C327082372_1-1-1-sg26mxoc826no6ru18it8ieocb	
100000014	1	1	1	2153	2153							56	4	2	2	47	3	3		1	3	1	3	3	1	2	3	4	5	6	7		1	2	3	4	5	6	7			1	2	3	4	5	6	7	4																						3	2	5	2												3	5	18	19																							1	3	7	8	9	12	21											4	1	3	4	7							1	3										1									1	1	3	1	5																																		2			1	3	7	8	9	10	11	12	14	16	23											1	7	8	9	12	23																		5	5	1	5	8	16																																																																																																																						11	11	3	2		10	4	4	4	4	5	5	4	4	1	สนุกไปกับรสอร่อย	10	4	5	5	5	5	5	5	4	1	กลมกล่อมและสนุกกับการทำอาหาร	10	4	4	4	4	4	4	4	4	2		10	4	5	5	5	4	5	5	5		1	อร่อยหลากหลายเมนู	10	4	5	5	4	5	5	4	2	1	5													2	3	9	10									2									4	3		9									2	1	C327082372_1-2-2-sgx3swrfybmxbb6o4l37jf3uzv	
100000443	1	1	1	3976	3976							1	1		2	30	2	1		1	3	1	7	1	1	2	3	4	5	6	7		1	2	3	4	5	6	7			1	2	3	4	5	6	7	4																						3	3	5	2												5	6	7	9	10	11	15	18	21	24	25																1	2	3	6	9	20												4	1	2									1	2										1	2								2	2	1	2	5	5																																	1	5		1	2	3	4	6	10	15	20	22	23												1	2	3	4	6	8	15	20	22															5	5	1	3	4	5	7	9	10	15							1	2	3	4	5	7	8	9	10	15																																																																																																		10	11	4	2		10	5	4	4	4	4	4	4	4	1	วัถุดิบที่สำคัญและส่วนประสมและเครื่องปรุง	9	4	4	4	4	4	4	4	4	2		10	4	4	4	4	4	4	4	4	2		8	4	5	4	4	5	4	5	4		1	เครื่องปรุงและเคล็ดลับสำหรับการทำอาหารให้อร่อย	10	4	5	4	5	5	4	4	5	4	2													3	9	10										2									5	8		9									2	1	C327082372_1-1-1-sgorryia42rpbx8khsyo0vr0zf	
100001052	1	1	1	7676	7676							1	1		2	23	2	1		1	1	1	3	4	1	2	3	4	5	6	7		1	2	4	5	6	7				1	2	4	6	7			2	3	4									2	5																4	5								5	11	12	19	25																						3	6	8															5	1										13											13									13	13	13	1																								4	6										1	9		2	10	11																			9	10	14																					5	5																																																																																																																										11	11	3	1	ผงชูรส อายิโนะโมโตะ	10	5	5	5	5	5	4	4	5	1	อายิโนะโมโตะ	10	5	5	5	5	5	5	5	5	1	อายิโนะโมโตะ ผงชูรส	10	5	5	4	4	4	5	5	5	1	ผงชูรส	10	5	4	4	4	5	4	5	5		1	อธิบายเรื่องผงชูรส	10	5	5	5	5	5	5	5	5	4	3													1	2	3	5	9								1									5	16		9									2	1	C327082372_1-1-1-sgcccbldujqhx6hmhvhd8juigd	
100000010	1	1	1	2532	2532							30	3	2	2	30	2	1		1	3	1	2	4	1	2	3	4	5	6	7		1	2	3	4	5	6	7			1	2	4	5	6	7		3																												2	4	5	6	7					5	9	12	17	19	25																					3	4	6	7	8	9	21											4	1	3									1	3										13									13	13	13	13																	1		1	4															1	4		1	3	4	6	8	11	23															1	3	4	6	7	9	11	20	23															4	4																																																																																																																										9	10	1	1	อาหารอร่อยมากขึ้น	8	4	4	4	4	4	4	4	4	2		7	4	4	4	4	4	4	4	4	1	มีอะไรหลากหลายให้ทำ	8	4	4	4	4	4	4	4	3	2		7	4	4	4	4	4	4	4	3		2		7	3	4	4	4	4	4	3	1	2	4													2	8	9	10									4										10		9									2	1	C327082372_1-1-1-sgap4hplv2ru3dnmgkmoxdo7h0	
100000986	1	1	1	3569	3569							4	1		2	27	2	1		1	3	1	4	3	1	2	3	4	5	6	7		1	2	3	4	5	6	7			1	2	3	4	6	7		4																						4	2	5	3	4		4									9	10	12	17	19	20	25																				1	3	6	7	8	9	16	20										2	1	2	3	10	11						1	2	10									1	2								1	1	2	1	5	4																																	2			1	2	3	6	8	9	11	14	15	16	20											1	3	6	7	9	16	20																	4	3	1	2	5	9											1	5	7	9																																																																																																								7	9	2	2		8	4	4	4	3	4	4	4	4	1	อายิโนะโมะโต๊ะ	8	4	4	5	4	5	5	4	4	2		7	4	4	4	4	4	3	4	3	2		6	3	4	4	3	4	4	4	4		2		9	4	3	4	4	5	5	5	1	4	5													1	2	5	6	7	9	10						5										8		9									2	1	C327082372_1-1-1-sg1a22ng2hkb8vh2pdkezhan5x	
100000891	1	1	1	4964	4964							4	1		2	32	2	1		1	2	1	5	3	1	2	3	4	5	6	7		1	2	3	4	5	6	7			1	2	3	4	5	6	7	4																						2	3	5	2												5	7	9	10	12	14	15	17	19	20	25																1	3	6	7	8	10	12	16	20	21								5	1	2	3	4	10						1	2	3	4								1	2	4							1	1	13	2	5	3		4																															2			1	4	7	8	10	12	15	17	20	23												1	8	9	10	14	17	20	23																5	4	1	2	3	15	17										1	3	10																										2	3	16																																																																													9	9	2	2		8	4	4	5	4	4	4	4	4	1	ผงชูรสที่ใช้กับเมนูไหนก็อร่อย	8	4	4	5	4	4	4	4	4	1	ความอร่อยง่ายๆ	9	4	5	4	4	4	4	4	5	2		9	4	5	4	4	4	4	5	4		1	ความอร่อยกับเมนูต่างๆ	9	4	4	4	4	5	4	4	1	5	4													2	3	9										3									4	2		9									2	1	C327082372_1-1-1-sg9wykiedu26m9pdk9u3cuo6ri	
100000822	1	1	1	9457	9457							1	1		2	22	2	1		1	2	1	7	1	1	2	3	4	5	6	7		1	2	3	4	5	6	7			1	2	3	4	5	6	7	4																						1	7	5	2												4	5	6	7	9	10	11	12	13	15	17	18	19	21	22	25											1	2	3	4	8	9	10	20	21									5	1	2	3	4	7	9	10	11	12		1	2	7	9	12							1	9	12							1	1	9	1	5								4			3																							1	3		1	3	4	8	9	14	15	20	23													1	2	3	4	10	15	20	23																5	5	1	2	3	5	8	9	15																																																																			1	2	3	8	15																																												9	11	1	1	แบรนด์ช่วยทำให้รสอร่อยขึ้น	8	5	5	5	5	5	5	5	5	1	เป็นแบรนด์ที่น่าเชื่อถือ มีรสชาติดี	10	4	4	5	5	5	5	5	5	1	คุณภาพดี หาซื้อได้ง่าย	9	5	5	5	5	5	5	5	4	1	เพื่อนคู่หูทุกเมนูอร่อย	10	5	5	5	5	5	5	5	5		1	ใส่ได้ทุกอาหาร ปรุงรสอร่อยขึ้น	10	5	5	5	5	5	5	5	5	1	2													1	2	3	4	5	6	9	10					1									5	8		9									2	1	C327082372_1-1-1-sgh7m33u3ayqihozdce8xmlk9c	
100000241	1	1	1	9338	9338							5	2	2	2	43	3	3		1	2	1	3	3	1	2	3	4	5	6	7		1	2	3	4	5	6	7			1	2	3	4	5	6	7	4																						3	5	5	3	3		4									5	7	8	9	11	12	14	15	17	19	25																1	6	8	9														4	1	2									1	2										1	2								1	1	13	2	5	3																																	1	12		1	3	4	15	22																	10																							5	5	1	2	3	5	7	9									1	3	7	9	16																																																																																																							9	8	1	1	ทำให้สนุกในการปรุงอาหาร รสชาติดีขึ้น	9	2	4	5	4	4	4	5	5	1	ความสนุกและมีความสุขในการปรุงอาหารมากขึ้น	9	4	4	5	4	4	4	4	5	1	ความสุขของการทำอาหารด้วยผงชูรส	10	5	5	5	4	4	4	5	5	1	ความสุขในการทำอาหารที่ช่วยเพิ่มรสชาติ	9	4	4	4	4	5	4	4	4		1	อยู่ที่ไหนไม่มีประสบการณ์ก็สามารถปรุงอาหารได้อร่อยขึ้น	10	5	5	4	5	5	5	5	5	4	1													1	3	4	5	6	9	10						2									4	1		6									2	1	C327082372_1-2-2-sgrq7wz5k5r256hcfzn5mfje08	
100001138	1	1	1	7942	7942							4	1		2	41	3	1		1	2	1	10	1	1	2	3	4	5	6	7		1	2	3	4	5	6	7			1	2	3	4	5	6		4																						2	5	5	2												5	6	10	12	13	14	17	19																			2	4	8	9														5	3	4	10								3											3									13	13	4	4			4																																1	4		1	4	8	9	11																	2	4	8	9																				5	5																													1	5																																																																																												10	10	3	2		9	4	5	5	5	4	4	5	4	2		9	4	4	4	4	5	4	5	4	2		9	4	5	4	4	4	4	5	4	2		9	4	4	5	4	4	4	5	5		2		10	5	5	5	4	4	5	5	5	1	2													2	3	9										2									4	6		9									2	1	C327082589_1-6-1-sghbklat9k1tkqatt0jwhuiu6u	
100001171	1	1	1	3868	3868							41	3	1	2	42	3	3		1	2	1	2	4	1	2	3	4	5	7			1	2	3	4	5	7				1	2	3	4	5	7		4																						3	3	5	2												5																										2																	4	1										1											1									1	1	13	1	5																																		2			16																					24																						ไม่เคยใช้	4	3	3																																																																																																																									10	10	4	2		8	3	3	3	3	3	4	4	4	2		9	3	3	4	3	4	4	4	4	2		8	3	3	4	3	4	3	4	3	2		9	3	3	3	3	4	4	4	3		2		10	4	4	4	4	4	4	4	1	4	5													3												2									4	10		7									2	1	C327082589_1-7-6-yytqt1f0mLnYKkGCNzOANmtc	
100001188	1	1	1	6818	6818							4	1		2	41	3	1		1	2	1	10	1	1	2	3	4	5	6	7		1	2	3	4	5	6	7			1	2	3	4	5	6		4																						2	5	5	1										1		6	7	10	12	13	14	18	19																			1	2	4	7	8	9												5	1	3	4	7							1	3	7									1									1	1	3	1	5																																		1	4		1	2	4	7	8																	1	4	7	8	9																			5	5	1	3	5																																																																																																																							10	11	4	2		9	4	4	5	4	4	4	5	4	2		9	4	4	5	4	4	4	5	4	2		9	4	4	5	4	4	4	5	4	2		9	4	5	4	4	4	4	5	4		2		10	5	5	4	5	4	5	5	5	1	2													3	4	9										2									4	6		9									2	1	C327082589_1-6-1-sgzviue5ccy4z5coyodaqq6vv8	
100001170	1	1	1	335	335							18	2	2	2	59	4	5		1	1	1	3	3	1	2	3	4	5	6	7		2	6								2							2	4										1	2	5	7	8	10	11	12																			3	5	7	12																							2	4	6	7	9	21												2	1	2	3	4							13											13									13	13	13	13																								9								ไม่ซื้อเนื่องจากหมอห้ามทานเป็นไต			2			3	8	9	15	22	23																24																						ไม่เคยใช้แบรนด์นี้	2	2																																																																																																																										6	6	3	2		6	3	4	4	4	3	3	4	3	2		6	3	3	4	4	3	4	4	3	2		5	3	3	4	4	3	3	3	3	2		6	3	3	3	3	3	3	4	3		2		7	3	4	4	3	3	4	3	4	1	2													1	2	3	4	9	10							5										14		9									2	1	C327082589_1-9-4-sgb4d17kqbx1e0g8f1n3yawwf4	
100001191	1	1	1	6363	6363							18	2	1	2	36	3	3		1	1	1	8	1	1	2	3	4	5	6	7		1	2	3	4	5	6	7			1	2	3	4	5	6	7	4																						1	3	5	2												1																										2																	5	1	3	4								1	3										1	3								1	1	3	1	5		4																																1	3		1	2	4	8	10	19	20	21	22													1	8	9	10	15	18	21	22																5	5	2	3	4	7	9	10	14	15	16																				1	2	3	4	7	9	14	15																																																																																						11	11	2	1	โปรโมตสินค้าใหม่ผลิตภัณฑ์ฉลากใหม่ของอายิโนโมโมะโตะ	10	5	5	5	5	4	5	5	5	1	โปรโมตสินค้าใหม่ของอายิโนโมโตะ	10	5	4	5	5	5	5	4	5	1	ใช้ทำกับใช้ทำกับอาหารอะไรก็อร่อย	10	5	5	5	5	4	5	4	5	1	ผงชูรสทำให้ผงชูรสทำให้อาหารอร่อยขึ้น	10	5	5	5	5	5	5	5	5		1	ทำทำไมอาหารรสชาติ	10	4	5	5	5	5	5	5	4	1	2													2	3	4	8	10								1									5	8		9									2	1	C327082589_1-7-2-sgtueyt3ot2hqrg3pceimoxbix	
100001174	1	1	1	2176	2176							15	2	2	2	41	3	1		1	1	1	3	3	1	2	3	4	5	6	7		1	2	3	4	5	6	7			1	2	3	4	5	6	7	4																						1	5	5	1										1		1	2	3	4	5	6	7	8	9	10	11	12	13	14	15	16	17	18	19	21	22	23	24	25			1	2	3	4	6	7	8	9	10	12	16	17	18	19	20	21		5	1										1											1									1	1	13	1	5																																		2			1	2	3	4	6	7	8	9	10	11	12	14	15	16	17	18	19	20	21	22	23	1	2	3	4	6	7	8	9	10	11	12	14	15	16	18	19	20	21	22	23				5	5	1	2	3	4	5	7	8	9	10	11	14	15	16	17																																																																																																												10	8	3	2		9	4	5	5	4	4	5	5	5	2		9	4	4	4	5	4	5	4	4	2		10	5	5	5	5	5	5	5	5	2		6	4	4	5	4	5	4	4	4		2		8	4	5	5	4	5	4	5	1	4	5													1	2	3	4	5	6	7	8	9	10			1									4	2		9									2	1	C327082589_1-7-6-sgyhpsitwvaompd53j960sqr2y	
100001183	1	1	1	6341	6341							1	1		2	36	3	1		1	3	1	5	3	1	2	3	4	5	6	7		1	2	4	5	6	7				1	2	7					2	3	4	10								1	2	3	5	11													1	2	4	6	7					5	9	11	14	17	18	19																				1	3	6	21														3	1	3	4	7	10						13											13									13	13	13	1																								1	2	3	4								2			1	2	3	6	7	8	10	11	14	22	23											2	3	9	14	15																			4	4																																																																																																																										9	6	2	2		8	4	4	4	4	4	5	4	4	2		7	4	4	4	5	4	4	4	4	2		8	4	4	5	4	4	5	5	4	2		9	5	4	5	5	4	5	5	4		2		10	4	4	3	5	4	4	4	4	1	5													1	2	6	7	9	11							5										7		9									2	1	C327082589_1-6-1-sgej586247m77a61q7x4kcbsgi	
100001218	1	1	1	6147	6147							67	5	1	2	38	3	1		1	2	1	6	1	1	2	3	4	5	6	7		1	2	4	5	6	7				1	2	4	5	6	7		2	2	3	4	5	7	8	10	11	12	14	1	2	5	6	7	8	9	10	11	12								1	2	4	5	6	7				1	2	3	5	6	7	8	10	11	12	13	14	15	18	19	21	25										1	2	3	4	6	7	8	9	17	19								4	1	2	3	4	7	9	10	11			13											13									13	13	13	7																								3	4	6	8								1	14		1	3	4	6	7	8	9	11	15	16	17	18	21	22	23							1	3	6	8	9	10	16	21	22	23														4	4																																																																																																																										7	9	2	1	การปรุงอาหาร	10	5	5	5	5	5	5	5	5	1	รสชาติ กลมกล่อม	10	5	5	5	5	5	5	4	5	1	การปรุงอาหาร วัตถุดิบ	10	5	5	5	5	5	4	4	5	1	ความน่าเชื่อถือ	10	5	4	4	5	5	5	5	5		1	ความน่าสนใจ	10	5	5	5	5	4	5	5	1	5	4													1	2	3	4	5	6	7	8	9	10	11		2									5	10		9									2	1	C327082589_1-7-2-sgc1ae94pvg5tdq34lvmzgrrze	
100001213	1	1	1	6459	6459							1	1		2	47	3	1		1	3	1	4	3	1	2	3	4	5	6	7		1	2	3	4	5	6	7			1	2	3	4	6	7		4																						3	2	5	2												10	12	13	14	17	25																					3	6	7	8	9	10	16	17	20	21								4	1	3	4								1											1									1	1	13	1	5																																		2			2	6	7	8	9	10	11	14	15	17	20	23										2	6	8	14	17	20	23																	4	3	1	2	3	5	7	9																																																																																																																				10	9	4	2		8	3	4	3	3	4	4	4	3	2		8	3	3	3	3	3	3	4	3	2		8	3	3	3	3	3	3	3	3	2		9	4	4	4	3	3	4	4	3		2		8	3	4	4	4	4	4	3	1	4	5													1	2	3	8	9	10							2									4	6		9									2	1	C327082589_1-6-1-sg171wrxzrma98ob4l60a5sfni	
100001232	1	1	1	6036	6036							1	1		2	39	3	1		1	2	1	4	3	1	3	4	6	7				1	3	4	6	7					1	3	4	6	7			4																						2	4	5	2												12	14	17																								2	7																4	1	2	3	4							1	2	3	4								1	2	3	4						1	1	4	2	5	2	4	4																															1	6		2	3	6	17																		2	3	22																					4	4	1	3													1	3	16												1	3	4												1	3	4																																																																													9	9	1	1	อายิโนะโมะโต๊ะ	8	4	4	4	5	4	4	5	4	1	อายิโนะโมะโต๊ะ	8	5	4	4	4	4	5	4	4	1	อายิโนะโมะโต๊ะ	9	5	4	4	4	4	4	4	5	1	อายิโนะโมะโต๊ะ	9	4	4	5	4	5	5	5	4		1	ผงปรุงรส เช่น อายิโนะโมะโต๊ะ รสดี	9	4	4	4	4	4	5	5	4	3	2													2	3	4										1									4	8		9									2	1	C327082589_1-6-1-h085solnq8r1c63oqdimlz8y	
100001226	1	1	1	7094	7094							54	4	1	2	47	3	2		1	1	1	4	3	1	2	3	4	5	6	7		1	2	3	4	5	6	7			1	2	4	6				3																												4									5	10	25																								1	4	6	7	8	9	21											3	1										1											13									13	13	13	13																	1		5																2			1	8	9	15	23																	23																							5	3																																																																																																																										6	1	4	2		10	5	5	5	5	5	5	5	5	2		10	5	5	5	5	5	5	5	5	2		10	5	5	5	5	5	5	5	5	2		7	4	5	5	5	5	4	5	4		2		10	5	5	5	5	5	5	5	1	2	3													2	5	8	9									5										3		9									2	1	C327082589_1-7-6-6ca90zncug8bvahnfmabpjzf	
100001243	1	1	1	10283	10283							1	1		2	40	3	1		1	3	1	6	2	1	2	3	4	5	6	7		1	2	4	5	6					1	2	4	5	6			2	4										1	2																									2	5	12	14	17	19	25																				3	6	7	8	17													2	1	3	4	7							13											13									13	13	13	13																								2	3	4									2			1	3	7	10	11	16	17	23														3	4	6	7	11	23																		3	3																																																																																																																										6	6	1	2		8	4	5	5	4	4	5	5	4	2		8	3	4	5	3	3	3	4	3	2		8	4	3	5	3	4	4	4	4	2		7	3	4	3	3	3	3	4	3		2		8	3	3	4	4	3	4	4	1	3	4													1	2	3	4	7	8	9	12				สะอาดกว่าร้านบางร้าน	5										7		9									2	1	C327082589_1-6-5-g2qpkgpsts76e2hlpwske3kt	
100001244	1	1	1	890	890							45	3	1	2	38	3	3		1	3	1	3	3	1	2	3	4	5	6	7		1	2	3	4	5	6	7			1	2	3	4	5	6	7	4																						1	7	5	2												2	5	7	12	19	22	25																				2	6	8	16														2	1	2	3	4	7	9	10				1	2	3	4								1	2								2	2	1	2	5	5																																	1	3		9	14																				2	3	6	10																				2	2	4	7	8	16											5	9	17																																																																																																									10	10	1	2		7	3	3	4	4	3	4	4	3	2		8	3	4	3	4	3	3	3	4	2		7	3	4	4	3	3	4	3	3	2		6	3	4	3	4	4	4	3	4		2		7	3	4	4	3	4	4	4	5	3	2													1	5	7										3									3	2		5									3	1	C327082589_1-7-2-sg475hqvvmur1sxesg4ituffn7	
100001246	1	1	1	10565	10565							44	3	1	2	42	3	2		1	2	1	3	3	1	2	3	4	5	6	7		1	2	3	4	5	6	7			1	2	3	4	5	6	7	4																						2	7	5	2												4	5	6	7	9	17	19																				1	2	4															5	1										1											1									1	1	13	1	5																																		1	10		9	22																				6	22																						5	4	1	7																																																																																																																								11	11	3	2		10	5	5	5	5	5	5	5	5	1	อายิโน๊โมะโต๊ะ	10	5	5	5	5	5	5	5	5	1	อายิโน๊โม๊ะโต๊ะ	10	5	5	5	5	5	5	5	5	1	อายิโน๊ะโมะโต๊ะ	10	5	5	5	5	5	5	5	5		1	การทำอาหาร	10	5	5	5	5	5	5	5	2	1	4													3	4											2									5	11		9									2	1	C327082589_1-7-2-kfrmhm56xe30yso1pbsbncik	
100001253	1	1	1	10467	10467							1	1		2	48	3	2		1	3	1	9	1	1	2	3	4	5	6	7		1	2	3	4	5	6	7			1	2	3	4	5	6	7	4																						4	3	5	3	4		1									5	10	11	12	14	17	19	25																			1	2	3	8	9													4	1	2	3	4	7	9	10	11			1	2	3	4	7							1	3								1	1	3	3	5		5																																1	10		1	7	8	11	16	22																1	2	7	8	14	16																		5	5	1	5	7	14	16																								1	2	3	5	11																																																																																									11	3	1	1	นำมาปรุงรสจะช่วยให้อาหารหอม อร่อย น่าทานมากยิ่งขึ้น	10	5	5	5	4	5	5	5	5	1	ช่วยทำให้อาหารที่ทำอร่อยยิ่งขึ้น	8	4	4	5	5	5	4	4	4	2		8	4	5	4	4	5	4	4	4	2		6	3	4	3	3	4	3	4	3		2		8	4	5	4	4	4	5	5	1	2	5													1	2	3	4	5	6	7	8	9				1									4	10		9									2	1	C327082589_1-6-1-v1l84m06slpq815czo3vp7o3	
100001260	1	1	1	9230	9230							15	2	1	2	55	4	1		1	2	1	4	3	1	2	3	4	5	6	7		1	3	4							1	3						4																						2	1	5	2												5	19																									3																	5	1	3	4								1											1									1	1	13	1	5																																		1	1		2	15	16																			1	10																						5	3	1	2																																																																																																																								9	6	3	2		5	3	3	3	3	3	3	3	3	2		5	3	3	3	3	3	3	3	3	2		6	3	3	3	3	3	3	4	3	2		5	3	3	3	3	3	3	4	3		2		5	3	3	3	3	3	3	3	1	4	5													2	9											4										10		11									2	1	C327082589_1-9-4-pdh212256u9p296xbxdh6rct	
100001269	2	2	1	4744	4744							1	1		2	36	3	3		1	1	1	6	2	1	2	3	4	5	6	7		1	2	3	4	5	6	7			1	2	3	4	5	6	7	4																						2	5	4	2												4	5	6	7	12	13	15	17	19	20	23	25															1	2	3	7	8	10	21											5	1	2	3	4	7	9	11				1	2	3	4	7	9	11					1	2	3	4	7	9				1	1	2	1	4	4	2	2			2		2																										1	12		1	2	3	4	6	8	9	10	20	21	22											3	7	9	11	23																			5	3	1	7	9	15	16										1	5	8	10											7	10	11												19																19															10	11																																															11	11	3	2		10	5	5	5	5	5	5	5	5	2		10	5	5	5	5	5	5	5	5	2		10	5	5	5	5	5	5	5	5	2		10	5	5	5	5	5	5	5	5		2		10	5	5	5	5	5	5	5	1	5	2													1	2	3	4	7	9							4										6		9	0956366462	0956366462							2	2	U347263471f13158254642e4ef0681430	
100001265	2	2	1	8482	8482							2	1		2	53	4	3		1	3	1	7	1	1	2	3	4	5	6	7		1	2	3	4	6					1	2	3	4	6			4																						3	4	5	1										1		7	9	10	12	13	14	17	19	25																		1	2	6	8														5	1										1											1									1	1	13	1	5																																		1	12		7	10	15	16																		6	10	18																					2	4	5	9	16																																																																																																																							5	6	1	1	อายิโนโมโต๊ะ	5	4	4	4	4	4	4	4	4	1	อายิโนะโมโตะ	5	4	4	5	4	5	4	5	4	1	อายิโนะโมะโตะ	7	5	4	5	5	5	5	4	5	1	การปรุงรสที่ดี ทำให้รสชาติดีขึ้น	5	5	5	4	4	5	5	4	4		1	การปรุงรสที่อร่อย	5	4	5	4	4	5	4	4	5	2	1													3	5	11										2									5	2		9	0979595623	0979595623							2	2	U6d6da1cb730ac684178417b82bd83a94	
100001298	2	2	1	4426	4426							1	1		2	36	3	3		1	1	1	6	2	1	2	3	4	5	6	7		1	2	3	5	6					1	2	5	6				3																												2	4	5							1	2	5	7	12																						1	3	7	10	17													5	1	2	4	7							1	2	4	7								13									13	13	13	13																	1		1	2	4														1	1		1	2	11	17	23																	11	14	15	16	17																			5	5																																																																																																																										11	11	1	1	ชอบมาก อร่อยกลมกล่อม	10	5	5	5	5	4	5	5	4	1	อาหารอร่อยถูกใจ	10	5	5	4	4	5	5	5	5	1	อาหารมีรสชาติที่อร่อยถูกใจมาก	10	5	4	5	5	5	5	4	4	1	ไข่อร่อยมาก กลมกล่อม เพราะใส่ผงปรุงรส	10	5	4	5	4	5	4	5	5		1	อาหารที่อร่อยถูกใจมาก	10	5	4	5	5	5	4	5	4	1	3													2	4	8										1									5	8		9	0848612528	0848612528							2	2	Ubbcaec8ff23fc966645d739e73452952	
100001282	2	2	1	4835	4835							1	1		2	35	3	3		1	3	1	6	2	1	2	3	4	5	6	7		1	2	3	4	5	6	7			1	2	3	4	5	6	7	4																						3	3	5	2												2	4	5	7	12	14	17	18	19	25																	1	6	7	8	9	20												5	1	2	3	4	7	9					1	2	3	4	7	9						1	2	3	4	7	9				1	1	4	1	5	1	1	4			1		1																										1	1		12	15	23																			11	12	14																					5	5	1	8	16												1	2	11												7	8	11												3	4	11														2	5	9													8	10	14																																														11	11	1	2		9	4	4	4	4	4	4	4	4	2		9	4	5	4	5	4	4	4	5	2		9	5	5	5	5	5	5	5	5	2		10	5	5	5	5	5	4	4	5		1	สื่อถึงผงชูรสมีส่วนในการทำอาหาร เพิ่มรสชาติ	9	4	4	4	4	4	4	4	3	2	4													2	3	7	9									3									4	8		9	0962825546	0962825546							2	2	U9de80b677a959c8d8f330f596f7bd445	
100001262	2	2	1	10540	10540							1	1		2	43	3	3		1	3	1	8	1	1	2	3	4	5	6	7		1	2	3	4	5	6	7			2	3	4	5	6	7		4																						3	4	5	2												5	10	11	12	14	17	18	19	25																		1	2	6	7	12	16	17	18	20	21								5	1	2	3	4	7						1	2	3	4	7							1	2	7							2	2	1	4	5	5					4																												1	7		1	2	3	4	6	14	15	16	18	20	23											1	2	3	6	7	8	20	23																5	5	1	2	5	7	9	16	17								1	3	4	9	15	16																																							1	3	4	15	16	17																																																										10	9	3	2		10	5	5	5	5	5	5	5	5	2		10	5	5	5	5	5	5	5	5	2		10	5	5	5	5	5	5	5	5	2		10	5	5	5	5	5	5	5	5		2		9	4	4	4	4	4	4	4	1	4	2													3	4	9	11									2									4	8		9	0966946693	0966946693							2	2	Ua33359de325460fff19b62ea5b5b8479	
100001299	2	2	1	7599	7599							1	1		2	37	3	2		1	1	1	8	1	1	2	3	4	5	6	7		1	2	3	4	5	6	7			1	2	3	4	5	6	7	4																						1	3	5	1										1		4	5	7	8	9	10	12	17	19	25																	1	2	3	4	6	7	8	9	10	12	16	17	18	19	20	21		5	1	2	3	4	7	9	10	11			1	2	3									1									1	1	7	1	4																																		1	2		1	2	3	4	6	7	8	9	10	12	14	15	16	17	18	19	20	21	22	23		2	7	8	9	18	19																		5	5	1	2	3	5	7	8	9	10	11																																																																																																																	10	9	4	2		10	5	4	5	4	5	5	5	5	2		8	4	4	4	4	4	4	4	4	2		9	4	4	4	4	4	4	4	4	2		6	3	4	3	3	3	4	4	3		2		8	4	4	4	4	4	4	4	1	3	2													1	2	3	4	5	6	7	8	9	10			2									4	8		9	0935731577	0935731577							2	2	U10c67eaf3ceb657fd58280d66c8f1512	
100001284	2	2	1	8849	8849							1	1		2	35	3	1		1	2	1	6	2	1	2	3	4	5	6	7		1	2	3	4	5	6	7			1	2	3	4	5	6	7	4																						2	3	4	2												4	5	6	7	10	11	12	14	17	19	20	21	22	25													2	3	4	6	16													5	1	2	3	4	7	9	10	11			1	2	3	4								1	3								1	1	3	1	4		4																																1	3		1	3	6	8	9	11	14	16	21	22	23											2	8	9	10	12	14	16	22	23															4	4	1	3	4	5	7	8	9	11	14	16																			1	2	3	4	5	9																																																																																								6	8	2	2		8	4	4	4	4	4	4	4	4	1	สินค้าผงชูรสยี่ห้ออายิโนะโมะโตะสามารถดึงรสชาติอาหารให้อร่อยมากขึ้น	8	4	4	4	4	4	4	4	4	2		7	3	4	4	4	4	4	4	4	2		7	3	3	3	3	3	3	3	3		2		9	4	4	4	4	4	4	4	1	5	2													3	4	5	7	9	10	11						3									4	2		9	0811355609	0811355609							2	2	U52712d7f88ff154fece8c9935ed277ce	
100001289	2	2	1	9834	9834							44	3	1	2	38	3	3		1	2	1	6	1	1	2	3	4	5	6	7		1	2	3	4	5	6	7			1	2	3	4	5	6	7	4																						3	2	5	2												5	7	12	14	15	17	19	25																			1	6	21															5	1	3	4	7							1	3	4									1	3	4							1	1	3	1	5		5	5																															2			1	15	23																			3	7	16																					5	5	1	10	14																										1	3	17												1	4	7																																																																													9	9	1	2		8	4	4	5	4	4	4	5	4	2		8	4	4	4	5	4	4	4	4	2		8	4	5	4	4	4	4	4	5	2		8	4	4	5	4	4	4	4	4		2		9	4	4	4	4	5	4	4	5	4	1													4	9	10										4										8		9	0873783424	0873783424							2	2	Ubd1c47d5a0cd7a3e9e0ea2309b1f3bf6	
100001272	2	2	1	10496	10496							1	1		2	46	3	1		1	2	1	5	3	1	2	3	4	5	6	7		1	2	3	4	5	6	7			1	2	3	4	5	6	7	4																						3	7	5	2												9	10	12	15	17	19																					1	2	3	4	19													4	1	3	4								1	4										1									1	1	3	1	5																																		1	12		1	4	6	7	9	11	23															9	16	23																					5	4	1	3	4	8																																																																																																																						6	6	4	2		7	4	4	4	4	4	4	4	4	1	ใส่แล้วทำให้อาหารอร่อยขึ้น อูมามิ	6	4	4	4	4	4	4	4	4	1	ใส่แล้วอาหารกลมกล่อมขึ้น	7	4	4	4	4	4	4	4	4	2		4	3	3	3	3	3	3	4	3		1	ทำให้อาหารรสชาติอร่อย	7	4	4	4	4	4	4	4	2	1	3													1	2	3	5	6	7	8	9	10				2									4	8		9	0863634949	0863634949							2	2	U85a8d99fd28a5b676e8f5e12888f6f46	
100001325	2	2	1	7421	7421							4	1		2	42	3	1		1	3	1	3	4	1	3	5						3									3							4																						3	6	4	2												2	4	14	16																							2	4	12	16														4	1	3									1											1									1	1	3	1	3																																		1	4		3	12																				10	21																						4	5	4																																																																																																																									8	10	2	1	น่ากิน ดูหอมน่ากิน	8	5	4	4	4	4	4	4	4	2		9	4	4	4	4	4	4	4	4	1	ดีเหมาะ น่าสนใจ	8	4	4	4	4	5	4	4	4	1	น่ากินมาก	9	4	4	4	4	5	4	4	4		1	น่ากิน ดูแล้วหิว	9	4	4	4	4	4	4	4	4	2	1													1	2	3	4	7								2									4	8		8	0867931275	0867931275							2	2	Ub208205fb77599839fab9eb7ed6e7f06	
100001307	2	2	1	10169	10169							2	1		2	44	3	2		1	3	1	8	1	1	2	3	4	5	6	7		2	3	4	5	6	7				2	3	4	5	6	7		4																						4	3	5	3	4		1	2	4	5	6	7				5	6	7	8	12	15	17	18	19	20	25																1	2	3	7	9	16	21											3	1	2	4	9	11						1											1									1	1	13	1	5																																		2			6	7	8	14	15	17	22	23														4	8	9	11	14																			4	4	1	16																																																																																																																								11	1	4	2		10	5	4	5	5	5	5	5	5	2		4	3	3	3	3	3	3	3	3	2		5	3	3	3	4	4	4	4	4	2		3	3	3	3	3	3	4	4	3		2		5	3	4	4	3	4	4	4	1	4	5													2	3	4										4										8		9	0909864269	0909864269							2	2	U8e71c0d60522a5c49643e17880696102	
100001311	2	2	1	5943	5943							1	1		2	45	3	3		1	1	1	6	2	1	2	3	4	5	6	7		1	2	3	4	5	6	7			1	2	3	4	5	6	7	4																						1	6	5	1										3		1	6	9	12	15	22																					2	4	9	16	18													5	1	2	3	4	10	11	12				1	2	3	4	10	11						2	3	4	11						3	3	1	1		5	4	4							4																								1	1		9	11	14																			1	9	11	20																				4	5															2	3													2	5	8												2	4	8																																																																													10	10	1	1	การทำอาหารจะเป็นเรื่องง่ายและสนุกเพราะมีผงปรุงรส	9	5	5	5	4	5	4	5	5	1	การทำอาหารให้อร่อยเป็นเรื่องง่ายถ้ามีผงชูรส	9	5	4	5	5	5	4	5	5	1	ผงชูรสสู้ได้รถโซเดียมลง	9	4	5	5	5	4	5	5	5	1	การทำอาหารเป็นเรื่องง่าย	9	5	5	5	4	5	4	5	5		1	การทำอาหารให้อร่อยเป็นเรื่องง่ายและสนุก	10	5	4	5	5	5	5	5	3	1	4													2	5	8	10									1									5	8		9	0611435449	0611435449							2	2	U1e0ead3050626e06801d13b9a485a2b1	
100001328	2	2	1	1981	1981							1	1		2	35	3	3		1	3	1	4	3	1	2	3	4	5	6	7		1	3	4	5						1	3	4	5				4																						3	7	5	1										1		12																										1	3	4	10	12													5	1	2	3	4	7	9					1	2	3	4								1	2								1	1	3	2	5	4																																	1	5		10																					17																							5	4	1	5	16												7	8																																																																																																										10	1	3	2		10	5	5	5	5	5	5	5	5	1	สื่อถึงการทำอาหารกับชาวแก็งและถึงแม้ทำไม่เป็นก็อร่อยได้ค่ะ	10	5	5	5	5	5	5	5	5	1	การทำอาหารได้ง่าย ปรุงง่าย แค่ใช้อายิโนะโมะโต๊ะเพียงซองเดี๋ยวก็อร่อยแล้ว	10	5	4	5	4	5	4	4	4	2		10	5	5	5	5	5	5	5	5		1	สื้อถึงการทำอาหาร ทุกเมนูอร่ิยได้ด้วยซองเดียว	10	5	5	5	5	5	5	5	2	4	5													1	2	3	5									2									5	10		8	0823809959	0823809959							2	2	U70de7508c78342f776493aa369f53da6	
100001317	2	2	1	3682	3682							1	1		2	54	4	1		1	1	1	11	1	1	2	3	4	5	6	7		1	2	3	4	5	6	7			1	2	3	4	5	6	7	4																						1	7	5	1										1		1	2	3	4	5	6	7	8	9	10	11	12	13	14	15	16	17	18	19	20	21	22	23	24	25		1	2	3	4	6	7	8	9	10	12	16	17	18	19	20	21		5	1	3	4								1	4										1	4								1	1	3	1	5			5																															1	6		1	2	3	4	6	7	8	9	10	11	12	14	15	16	17	18	19	20	21	22	23	1	2	3	4	6	7	8	9	10	11	12	14	15	16	17	18	19	20	21	22	23			5	5	1	2	3	4	5	7	8	9	10	11	14	15	16	17																													1	2	3	4	5	7	8	9	10	11	14	15	16	17																																																																		11	11	3	1	สินค้าคุณภาพ	10	5	5	5	5	5	5	5	5	1	คุณภาพสินค้า	10	5	5	5	5	5	5	5	5	1	มีความสุขดี	10	5	5	5	5	5	5	5	5	1	สินค้าคุณภาพดี	10	5	5	5	5	5	5	5	5		1	คุณภาพดัมาก	10	5	5	5	5	5	5	5	2	1	5													1	2	3	4	5	6	7	8	9	10	11		1									5	5		11	0938478600	0938478600							2	2	Ub6cd1286a0bacfdb69b4ca3661226685	
100001274	2	2	1	8956	8956							1	1		2	51	4	2		1	1	1	9	1	1	2	3	4	5	6	7		1	2	4	5	6	7				1	2	4	5	6	7		2	2	3	4	8	11						1	2	5															1	2	4	5	6	7				5	9	10	11	12	14	19																				1	3	9	21														4	1	2	3	4	11						13											13									13	13	13	3																								2	3	4	7								1	10		1	2	6	7	8	9	19	23														1	6	7	8	19	23																		4	4																																																																																																																										6	6	3	2		8	4	4	4	4	4	4	4	4	2		7	4	4	4	4	4	4	4	4	1	ทำให้อาหารอร่อย	7	4	4	4	4	4	4	4	4	2		6	4	4	4	4	4	4	4	4		2		9	4	4	4	4	4	4	4	5	1	4													1	2	3	6	9								2									5	12		9	0804229520	0804229520							2	2	U253be45d7f4ec7bbb478c1220da9a07d	
100001315	2	2	1	6191	6191							47	4	1	2	29	2	1		1	1	1	5	2	1	2	3	4	5	6	7		1	2	3	4	5	6	7			1	2	3	4	5	6	7	4																						2	7	5	2												4	5	6	7	17	21	22																				1	3	8	9	10	16	21											4	1	2	4								1	2	4									1	2								1	1	2	4	5	4																																	2			1	2	3	8	9	10																1	2	7	15	23																			5	5	1	3	7	16											1	7	16																																																																																																									10	10	4	2		8	4	5	4	4	4	5	5	4	2		9	4	4	5	4	4	5	4	4	2		9	5	5	4	4	5	4	5	4	2		9	4	4	4	5	4	4	5	4		2		9	5	5	5	4	4	5	4	5	1	3													1	2	4	9	10								2									4	8		9	0820154230	0820154230							2	2	U45cc99128b03bacb52e20c2761c2bad8	
100001271	2	2	1	5718	5718							9	2	1	2	48	3	3		1	2	1	4	3	1	2	3	4	5	6	7		1	2	3	4	5	6	7			1	2	3	4	5	6	7	4																						1	5	5	2												3	5	6	7	8	9	10	12	13	14	15	18	19	21	24	25											1	3	4	7	8	9	16	21										5	1	2	3	4	10						1	2	3									1	2								1	1	3	1	5	4																																	1	6		1	3	4	6	8	9	23															2	3	4	8	23																			5	4	1	3	5	8											1	5	9	16																																																																																																								9	10	2	2		7	4	4	4	4	4	4	4	4	1	ความใส่ใจในคุณภาพของสินค้า	7	4	4	4	4	4	4	4	4	2		8	4	4	4	4	4	4	4	4	2		7	3	4	4	4	4	3	4	4		1	แพนด้าสีชมพู	8	4	4	4	4	5	4	4	2	4	5													1	2	4	7									2									4	2		9	0613075962	0613075962							2	2	Ue0a2c51999a56c044b1eea7954642bc0	
100001320	2	2	1	4007	4007							3	1		2	36	3	3		1	2	1	7	1	1	2	3	4	5	6	7		1	2	3	4	5	6	7			1	2	3	4	5	6	7	4																						2	6	4	1										4		1	5	6	7	9	11	12	15	17	18	19	21	23	25													1	3	7	8	9	16	20	21										5	1	2	4	9							1	2	4	9								1	2	4							1	1	2	1	3	3		2																															1	4		2	10	15	17	19	21	23															1	4	6	7	9	11	15	16	17	21	23													5	5	1	3	5	14	15										1	3	5	10	14	15																							1	3	7	8	16																																																																											11	10	3	1	ทอดมันเห็ดอร่อย	9	4	4	4	4	4	4	4	4	1	ยำใส่ผงนัวอร่อย	9	4	4	4	4	4	4	4	4	1	ผงชูรสอูมามิอร่อย	10	4	4	4	4	4	4	4	4	1	อายิโนะโมะโต๊ะ  ทำไข่เจียวปูอร่อย	10	4	4	4	4	4	4	4	4		1	ผงชูรสอร่อย	10	4	5	5	5	5	5	4	1	2	4													1	3	7	9									1									4	2		9	0958818278	0958818278							2	2	U7939dc2a250cc4f415dc68b36dada410	
100001308	2	2	1	1993	1993							1	1		2	38	3	3		1	2	1	6	2	1	2	3	4	5	6	7		1	2	3	4	5	6	7			1	2	3	4	5	6	7	4																						2	4	5	2												5	10	14	15	17	18	19	20	21	24	25																1	8	10															4	1	2									1	2										1	2								1	1	13	1	5	5																																	1	1		1	7	8	10	11	15	23															9																							4	3	1	3	8	9	11										1	3	7	16																																																																																																								6	6	2	2		8	4	4	4	4	3	3	4	3	1	ใช่อายิโนะโมะโต๊ะอาหารอร่อยแน่นอน	7	3	4	3	3	3	3	4	4	2		5	3	3	3	3	3	3	3	3	2		5	3	3	3	3	3	4	4	3		2		5	3	3	3	3	3	3	3	1	2	4													1	3	4	5	8	9	10						5										9		6	0870342625	0870342625							2	2	Uad9ef0350d14969126dc5732455adfec	
100001267	2	2	1	2758	2758							1	1		2	36	3	2		1	3	1	6	2	1	2	3	4	5	6	7		1	2	3	4	5	6	7			1	2	3	4	5	6	7	4																						3	3	5	2												5	10	12	17	19																						1	2	3	6	7	8	9	16	21									4	1	2	3	4	7						1	2	3	7								1	7								1	1	13	1	5						1																												1	13		1	2	3	6	7	8	9	10	11	14	15	16	19	22	23							1	3	22	23																				4	4	1	3	5	7	8																																																						3																																																															9	10	3	2		8	4	4	4	4	4	4	4	4	2		9	5	4	4	4	4	4	5	4	1	ข้อดี มีการลดโซเดียมด้วย	7	4	4	4	4	4	4	4	4	2		8	4	4	4	4	4	4	4	4		2		9	4	4	4	4	4	4	4	2	1	5													1	3	4	5	7	9							2									4	10		9	0868317626	0868317626							2	2	U93e96d4dcc6687ba30ddde32d96634b1	
100001352	2	2	1	3062	3062							1	1		2	37	3	1		1	2	1	6	2	1	2	3	4	5	6	7		1	2	3	4	5	6	7			1	2	3	4	5	6	7	4																						1	3	5	2												5	12	13	14	15	17	19																				1	2	3	4	6	8	9	10	12	16	17	18	19	21				4	1	2	3	4	7						1	2	3	4	7							1									1	1	13	1	5																																		1	1		1	2	3	4	6	7	8	9	10	11	12	14	15	16	17	18	19	20	22	23		1	2	3	4	6	7	8	9	10	11	12	14	15	16	17	18	19	20	22	23				5	5	1	2	3	4	5	7	8	9	10	14	15	16	17																																																																																																													9	9	3	2		10	5	5	5	5	5	5	5	5	2		6	4	4	4	4	4	4	4	4	2		8	4	4	4	4	4	4	4	4	2		8	4	4	4	4	4	4	4	4		2		9	4	4	4	4	4	4	4	1	4	5													1	2	3	4	5	6	7	8	9	10			3									4	8		11	0969181329	0969181329							2	2	U7ee781c9f412969f0e0d744a4866571f	
100001331	2	2	1	3981	3981							1	1		2	44	3	3		1	2	1	10	1	1	2	3	4	5	6	7		1	2	3	4	5	6	7			2	3	4	5	6	7		4																						3	5	5	1										5		2	4	5	6	7	9	10	11	12	13	14	19	25														1	3	6	7	19													4	1	3	4	7	12						1	3	7									1	7								1	1	7	12	5						5																												1	1		1	2	3	6	10	19	23															1	3	6	19																				4	4	1	3	17																																																								1	3	17																																																													9	9	3	1	รสดีทำอาหารอะไรก็อร่อย	9	4	5	4	4	4	4	4	5	1	อายิโนะโมะโต๊ะทำอาหารอะไรก็อร่อย เพิ่มความมั่นใจ ลดอุมามิ	8	4	4	4	4	3	4	4	4	1	อายิโนะโมะโต๊ะเป็นแบรนด์ที่ เคยถึงง่าย โดยมีมาสคอดเป็นแพนด้า	9	4	5	5	4	4	4	4	4	1	มีอายิโนะโมะโต๊ะทำอาหารก็อร่อยได้ทุกอย่าง	8	4	4	4	5	4	4	4	4		1	อูมามิ จากอายิโนะโมะโต๊ะ	8	4	4	5	4	4	4	4	1	5	4													3	4	7										2									4	7		9	0827771330	0827771330							2	2	U907d97f4ce66b7101416c69f1c89ed19	
100001310	2	2	1	7729	7729							9	2	1	2	27	2	1		1	1	2	4	3	1	2	3	4	5	6	7		1	2	3	6	7					2	3	6	7				4																						3	3	5	1										5		3	4	5	8	12	15																					2	3	6	8														4	1	2	3	4	11						1	2										1									1	1	13	2	5																																		1	6		1	2	6	8	10	12	15	22	23													2	6																						4	3	1	2	5	7	8																																																																																																																					8	7	2	2		9	5	4	4	4	4	4	5	5	1	อร่อยง่าย ๆ	8	4	4	4	4	4	4	4	3	2		6	3	5	4	4	4	4	4	4	2		8	5	4	4	4	5	4	5	4		2		6	4	4	5	4	4	5	4	1	4	2													1	3	5	8	9								1									4	8		9	0926267650	0926267650							2	2	U43fa44f4ac302b9a20ee58f39ed48564	
100001368	2	2	1	2819	2819							1	1		2	44	3	3		1	2	1	6	2	1	2	3	4	5	6	7		1	2	3	4	5	6	7			1	2	3	4	5	6	7	4																						2	3	4	1										1		5	6	7	9	10	11	12	14	15	17	19	20	21	25													1	2	3	4	6	7	8	9	10	16	21							5	1	2	3	4	7						1	2	3									1	2								1	1	3	1	4	4																																	1	10		2	3	7	8	9	11	15	16	23													1	3	7	8	16	23																		5	5	1	2	3	4	5	7	8	9	11	16					1	7	8	9																																																																																																								10	10	2	2		9	4	4	4	5	4	4	5	4	2		8	4	5	5	5	5	5	5	4	2		8	4	4	4	4	4	4	4	4	2		8	4	4	4	4	4	4	4	4		2		9	4	4	4	4	4	4	4	1	4	5													1	2	3	4	5	6	7	8	9	10	11		4										2		8	0654655291	0654655291							2	2	U4016923c002d66b0f2ca504f08eae045	
100001344	2	2	1	2414	2414							47	4	1	2	49	3	5		1	1	1	5	2	1	2	3	4	5	6	7		1	2	3	4	5	6	7			1	2	3	4	6	7		4																						2	3	5	2												5	8	14	17	19	25																					1	2	3	4	6	7	8	9	10	12	16	17	18	19	20	21		5	1	2	3	4	7	9					1	9										1									1	1	13	1	5																																		1	1		1	2	3	4	8	9	11	12	14	15	17	19	22	23								1	6	8	9	12	18																		5	5	1	2	3	4	5	7	8	9	10	16																																																																																																																6	7	1	2		9	4	4	4	4	4	4	5	4	2		6	3	3	4	3	3	3	4	3	2		7	4	4	4	4	4	4	4	4	2		8	4	4	3	4	4	4	4	4		2		8	4	4	4	4	4	4	4	1	4	5													1	2	3	4	5	7	9	10					2									4	8		9	0982565624	0982565624							2	2	Uf3a43feff1ac03f0570832fd25cfbbc8	
100001401	2	2	1	3254	3254							32	3	1	2	30	2	3		1	1	1	9	1	1	2	3	4	5	6			2	3	4							2	3						4																						1	7	5	1										9		2	5	10	18	20	21	23	24	25																		2	6	9	10														4	1	2	3	4	7	9	11	12			1	2	3	4	7	9	11	12				1	4	7	9	11					1	1	2	11	5			5			5		5		5																								1	13		4	18																				18	22	23																					5	5	2																																										2	9															2	9														2	4																																															11	11	2	2		9	5	4	5	5	4	4	5	5	1	อร่อยชอบดีผุ้ชายเสรจอุมามิอร่อย	10	5	4	4	5	4	5	5	4	2		8	4	4	4	4	5	5	4	5	2		8	5	5	4	5	5	5	5	4		2		9	4	5	5	5	3	5	5	5	4	3													2	5	9										1									5	6		9	0860606992	0860606992							2	2	U2e5af5fb035560cbc1aa6c2e526368b8	
100001372	2	2	1	10740	10740							2	1		2	36	3	1		1	3	1	6	2	1	2	3	4	5	6	7		1	2	4	5	6	7				1	6	7					2	3	10																										4	6								5	14	19	25																							3	4																3	1	3	4								13											13									13	13	13	1																								4											1	12		3	4	8	11																		9	15																						3	3																																																																																																																										7	6	2	2		6	4	4	4	4	4	4	4	4	2		6	3	4	3	4	3	4	4	3	2		6	3	4	4	4	3	4	4	3	2		7	4	4	4	4	3	4	4	3		2		7	4	4	4	4	4	4	4	5	1	4													1	2	3	7	9	10							5										10		9	0655166354	0655166354							2	2	Uc43a276b0251ac00cf87a72da93e6378	
100001371	2	2	1	9971	9971							32	3	1	2	30	2	3		1	1	1	9	1	1	2	3	4	5	6			2	3	4							2	3						4																						1	7	5	1										7		1	3	5	7	9	17	19	21	23	24																	1	3	4	7	9	19												5	1	2	3	4	7	9	10	11	12		1	2	3	4	7	9	10	11	12			1	3	4	7	10	11	12			1	1	2	1	5		5	4			4			5	5	5																							1	9		9	19	22																			3	19																						5	5	1	3	5	15																									1	5	8												3	7	9	16													2	5	10																											4	15																																	10	11	2	2		9	4	5	5	5	5	5	5	4	1	ผู้ชายสื่อให้เหนว่าอาหารน่ากิน	10	4	5	5	4	4	5	5	5	2		9	5	5	4	4	5	5	5	5	2		9	4	5	4	4	5	4	4	4		2		10	3	5	5	3	5	4	4	2	3	4													4	7											4										4		10	0876916332	0876916332							2	2	U8a49bfd03b2ef7dba22dc4f32abc3081	
100001341	2	2	1	707	707							13	2	1	2	45	3	1		1	1	1	4	3	1	2	3	4	5	6	7		1	2	3	4	5	6	7			1	2	3	4	5	6	7	4																						1	3	5	2												12	19																									1	2	3	4	6	7	8	9	16	21								5	1	3	4	7	9	11					1											1									1	1	13	1	5																																		2			1	2	3	4	6	8	9	11	14	15	16	23										4	6	8	9																				3	3	1	2	3	4	5	7	8	9	11																																																																																																																	11	11	2	2		8	4	4	4	4	4	4	4	4	2		8	4	4	4	4	4	4	4	4	2		8	4	4	4	4	4	4	4	4	2		9	4	4	4	4	4	4	4	4		2		8	4	4	4	4	4	4	4	4	1	2													1	2	3	6	7	9	10						1									5	2		4	0805573186	0805573186							2	2	U5ae20b215cb2ce952b6afb07a47a574f	
100001322	2	2	1	5976	5976							2	1		2	38	3	3		1	2	1	4	3	1	2	3	4	5	6	7		1	2	3	4	5	6	7			1	2	3	4	5	6	7	4																						3	3	5	2												5	10	12	15	19	25																					1	2	3	6	8	9	16	21										5	1	2	3	4							1	2										1	2								2	2	1	1	5	5																																	1	5		1	3	8	9	11	15	16	22	23													1	3	9	22	23																			5	4	1	2	5	7	8										1	3	4	5	7	8																																																																																																						10	1	3	1	ต้องการสื่อเรื่องอาหารที่ดูเหมือนทำยากสามารถทำได้ในครัวที่บ้าน	9	5	5	5	5	5	5	5	5	1	เป็นตัวที่ช่วยเสริมสร้างรสชาติให้อาหารใส่กับอะไรก้ออร่อย	9	5	5	5	5	4	5	5	5	1	ช่วยให้การทำอาหารสบายและง่ายขึ้น	8	3	4	4	4	4	5	4	4	1	เหมาะกับคนรุ่นใหม่  และการทำอาหารเป็นเรื่อง่าย	7	3	3	4	3	3	4	4	3		1	สามารถทำเมนูได้หลากหลาย	8	4	4	5	4	4	4	4	1	5	2													1	2	4	5	9	10							2									5	2		9	0982529162	0982529162							2	2	U40aa78159029f813376537ca8e38f78a	
100001405	2	2	1	10973	10973							1	1		2	35	3	3		1	1	1	6	2	1	2	3	4	5	6	7		1	2	3	4	5	6	7			1	2	3	4	5	6	7	4																						1	7	5	1										1		1	2	4	5	6	7	8	12	13	14																	6	7	8	10														5	1	2	3	4	7	10	11	12			1	2	3	4	7	10						1	2	3	4	7					1	1	2	1	5	4	5	5			5																												1	2		2	14	19																			4	6	9	14																				5	5	1	3													1	4	5												3	5	8												4	5	9														4	5	7																																																													11	11	3	1	ราชารสชาติที่อร่อย	10	5	5	5	4	5	5	5	5	1	รสชาติที่ดีเเละอร่อย	10	5	5	5	5	5	5	5	5	1	รสชาติดีเเละอร่อย	10	5	5	5	5	5	5	5	5	1	รสชาติดีเเละลงตัว	10	5	5	5	5	5	5	5	5		1	ใช้กับอาหารอะไรก็อร่อย	10	5	5	4	5	5	5	5	2	3	4													5	7	8										1									5	2		9	0632420235	0632420235							2	2	Uc6d28d3daa5b08557543a34c191622af	
100001403	2	2	1	1633	1633							37	3	2	2	30	2	3		1	1	1	6	1	1	2	3	4	5	6	7		1	2	3	4	5	6	7			2	3	4	5	6	7		4																						1	6	5	1										1		2	5	6	7	8	12	14	17	18	19	21	24	25														1	2	6	8	12	16	18	20										4	1	2	3	4	9						1	2	3									1									1	1	2	1	5																																		1	1		3	8	9	10	14	15	18	23														7	8	9	14	15	17	20	21																5	4	2	3	5	9	10	15	17																																																																																																																			10	10	1	1	ผงปรุงรส และความนัวของอาหารที่น่ารีปทาน	10	5	5	5	5	4	5	5	5	1	การเอาใจใส่ของแบรนด์ที่มีต่อลูกค้า	9	5	5	4	5	5	5	5	5	1	การเป็นผู้นำทางอสหารที่ดี ที่มีต่อลูกค้า	10	4	5	5	5	5	5	5	4	1	ไม่ว่าจะทำเมนูไหน ก็ขาดผงปรุงรสได้	10	5	5	5	4	5	5	5	4		1	การที่มีผงปรุงรสที่ดีคือชัยในการทำอาหาร	10	5	5	5	5	5	5	5	4	1	5													1	4	6	8	9	10							2									5	2		7	0983817480	0983817480							2	2	U34e388fd5527a71819d74eaa2aa48e6c	
100001281	2	2	1	6652	6652							43	3	2	2	41	3	1		1	1	1	6	1	1	2	3	4	5	6	7		1	2	3	4	5	6	7			1	2	3	4	5	6	7	4																						1	3	5	2												5	7	14	17	19	20	25																				1	2	4	6	8	9												3	1	2	3	4							1											1									1	1	13	1	5																																		1	12		1	2	3	6	7	8	9	23														8	9																						4	3	1	3	5	7	8																																																																																																																					7	8	2	2		8	4	3	4	4	4	4	4	4	2		7	4	4	4	4	4	4	4	4	2		6	4	4	4	4	4	4	4	4	2		6	3	3	3	3	4	4	3	4		2		7	4	3	4	4	4	4	4	1	5	2													2	3	4	9	10								5										10		10	0897696559	0897696559							2	2	U718cca42ba881b224ed916725099815d	
100001329	2	2	1	1234	1234							1	1		2	54	4	3		1	2	1	7	1	1	2	3	4	5	6	7		1	2	3	4	5	6	7			1	2	3	5	6	7		4																						2	5	4	1										3		5	12	19																								1	2	3	6	7	8	9	16	19	20	21							5	1	2	3	4	7	9					1											1									1	1	13	1	4																																		1	12		1	2	3	4	6	7	8	9	10	11	12	14	15	16	17	18	20	23				1	2	8	9	10	11	23																	5	4	1	2	3	5	8	16	17																																																																																																																			8	1	1	2		10	4	3	4	4	4	4	4	4	2		9	4	4	4	3	4	4	5	4	2		9	4	4	4	4	3	4	4	4	2		9	4	4	4	3	4	4	5	4		2		7	3	4	3	3	5	4	3	4	1	5													3	4	7	9									5										12		7	0624218920	0624218920							2	2	Uaa4c782d8dd675e285efc2e97cc66998	
100001280	2	2	1	8586	8586							4	1		2	45	3	3		1	3	1	9	1	1	2	3	4	5	6	7		1	2	3	4	5	6	7			1	2	3	4	5	6	7	4																						3	6	5	2												5	6	7	10	11	12	13	14	17	19	20	23	25														1	2	3	4	6	8	9	10	16	19								4	1	3	4								1	3	4									1	4								1	1	3	1	5			4																															1	10		1	2	3	6	8	9	10	11	12	15	16	19	22	23								1	2	3	6	8	16	19	22																5	5	1	3	5	7	8	9	16	17																																			1	3	7	8	9	16	17																																																																									11	11	3	1	เอามาผสมกับวัตถุได้ ทั้งทอด หมัก เพิ่มรสชาติอาหาร	10	5	5	5	5	5	5	5	5	1	สามารถทำผัด ได้หลากหลายเมนู เพิ่มความมั่นใจในการทำ	10	5	5	5	5	5	5	5	5	1	บอกถึงรสชาติ ความอร่อย กลมกล่อม	10	5	5	5	5	5	5	5	5	1	ทำง่ายไม่ยุ่งยาก เพิ่มรสชาติอาหาร กลมกล่อม	10	5	5	5	5	5	5	5	5		1	ช่วยได้ทำหลากหลายเมนู เพิ่มความมั่นใจ รสชาติ เพิ่มความหอม	10	5	5	5	5	5	5	5	5	1	2													2	3	4	5	6	7	8	9	10				1									5	1		9	0809911028	0809911028							2	2	Ub6814f16a21934b34f081b71808d7a7a	
100001376	2	2	1	4043	4043							26	2	1	2	45	3	2		1	3	1	7	1	1	2	3	4	5	6	7		1	2	3	4	5	6	7			1	2	4	5	6	7		3																												1	4	5	6	7					2	3	5	6	7	10	11	12	13	14	15	19	20	24	25												1	2	3	4	6	7	8	9	16	17	18	19	21					3	1	3	7	10							1	3	7	10								13									13	13	13	13																	1		1	2	3	5													2			2	4	9	10	11	12	18	19	20	21	22	23										2	4	6	9	10	15	17	18	19	22	23													5	5																																																																																																																										10	10	2	2		9	5	5	3	5	4	5	4	4	2		9	4	5	4	5	5	4	5	5	2		10	5	5	5	5	5	5	5	5	2		9	4	4	4	4	4	4	4	4		2		9	4	5	5	5	4	5	5	4	3	1													1	3	7	9									4										7		9	0831226595	0831226595							2	2	U3ee2660c2aced63337b4649cfbd9bf05	
100001400	2	2	1	1525	1525							15	2	2	2	40	3	1		1	2	1	6	1	1	2	3	4	6	7			1	2	3	4	6	7				1	2	3	4	6	7		4																						2	3	5	2												5	7	9	14	25																						2	3	6	8	9													4	1	2	3	4	7						1	2	3									1									1	1	13	1	5																																		2			1	2	8	10																		9	23																						4	4	1	8	10	16																																																																																																																						9	9	1	2		10	4	4	5	4	4	5	5	5	2		8	4	4	3	4	4	4	4	3	2		8	3	4	3	4	4	3	4	3	2		8	5	4	4	4	5	4	4	4		2		7	4	5	4	5	4	4	4	1	4	5													1	9											5										8		9	0931054919	0931054919							2	2	U97af9056950d421faa2ca8991cc4bf80	
100001374	2	2	1	5350	5350							23	2	2	2	38	3	3		1	1	1	5	2	1	2	3	4	5	6	7		1	2	3	4	5	6	7			1	2	3	4	5	6	7	4																						3	3	5	2												2	3	12	13	17	19	25																				3	4	8	9	20													4	1	2	3	4	7	10					1	3	10									1									1	1	3	10	5																																		2			4	8	15	20																		9	14	20																					4	3	5																																																																																																																									8	8	2	2		10	5	5	5	4	5	4	5	5	2		8	3	4	3	3	3	3	4	3	2		5	3	4	3	3	3	3	4	3	2		6	3	4	3	3	3	3	4	3		2		10	5	4	4	4	4	4	4	5	1	4													1	3	5	9	10								4										15	เกษตรกร	9	0829455617	0829455617							2	2	U90bbab00f64169b4e332123726193d56	
100001409	2	2	1	8557	8557							1	1		2	39	3	1		1	2	1	6	2	1	2	3	4	5	6	7		1	2	3	4	5	6	7			1	2	3	4	5	6	7	4																						2	7	5	2												2	3	6	7	8	9	10	11	12	13	14	15	19	20	25												1	2	6	7	8	9	10	16	21									5	1	2	3	4	7	10	11				1	2	3	10								1	10								1	1	3	1	5									4																									1	12		1	3	4	6	7	8	9	10	14	15	16	17	18	20	21	22	23					1	2	4	6	8	9	10	15	16	23														5	5	1	3	7	8	16																																																																																			1	3	4	5	8	9	14																												9	10	2	2		10	5	5	5	5	5	5	5	5	2		10	4	4	5	5	5	4	5	4	2		9	5	5	5	5	5	5	5	5	2		8	4	4	5	4	4	4	4	4		2		8	4	4	5	4	4	4	4	1	4	3													2	3	4	5	9	10	11						1									4	8		9	0953936704	0953936704							2	2	U998a0e06c69f28b38e1a448b966afa83	
100001399	2	2	1	7748	7748							1	1		2	41	3	3		1	2	1	8	1	1	2	3	4	5	6	7		1	2	4	5	6	7				1	2	4	5	6	7		2	2	3	4	8	9	10	11	12			1	2	3	4	6	8	10	11	12									4	5	6							1	4	5	7	10	11	12	14	15	17	18	19	20														6	7	20	21														3	1	3	4	9							13											13									13	13	13	1																								1	4	5	6								1	3		8	21	23																			8	11																						4	4																																																																																																																										10	10	1	2		8	4	4	4	4	4	4	4	4	2		10	4	5	4	5	4	4	5	4	2		6	3	2	3	3	3	3	2	3	2		9	4	4	4	4	4	4	4	4		2		9	4	4	4	4	4	4	4	1	4	2													2	3	4	8	9	10							5										2		9	0647804255	0647804255							2	2	U83242c57ffbc71461f5e99521c73f83c	
100001385	2	2	1	3106	3106							1	1		2	45	3	1		1	1	1	6	2	1	2	3	4	5	6	7		1	2	3	4	5	6	7			2	4	5	6	7			3																												2	4	5	6	7					5	10	12	17	25																						1	2	4	12	16													5	1										1											13									13	13	13	13																	1		2	3	5														1	13		1	7	8	9	15	18																1	3	8	10	15	16																		5	5																																																																																																																										10	10	3	1	การเพิ่มเคล็ดลับของความอร่อยมากขึ้น	9	4	4	4	5	4	4	4	5	1	เพิ่มความมั่นใจในรสชาติของการทำอาหารให้อร่อยขึ้น	9	4	4	4	5	5	5	4	5	1	ความชัดเจนของการนำเสนอสินค้าให้รู้ถึงความอร่อย	9	4	4	4	4	4	5	5	4	1	ความอร่อยถ้าได้ใส่ยี่ห้อนี้เข้าไปจะเพิ่มความอร่อยกลมกล่อมมากขึ้น	9	4	4	4	4	4	4	5	4		2		8	4	4	4	5	4	4	4	4	1	2													1	2	3	4	7	9							2									4	2		9	0935748365	0935748365							2	2	U9226a8e0633a38459ee564026ff05ae3	
100001393	2	2	1	876	876							1	1		2	38	3	3		1	3	1	5	3	1	2	3	4	5	6	7		1	2	3	4	5	6	7			1	2	4	5	6	7		3																												1	4	6							5	7	11	12	15	17	19	25																			1	3	4	6	8	16	21											4	1	3	4	9	11	12					1	3	12									13									13	13	13	13																	1		1																1	1		1	3	4	6	8	11	16	21	22	23												1	2	3	4	6	11	16	17	23															4	4																																																																																																																										8	8	1	1	รสดี รสเห็ดหอม อาหารเป็นทอดมันเห็ด	10	5	5	5	5	5	5	5	5	2		6	2	3	2	3	2	2	3	2	2		8	4	4	4	4	4	4	4	4	2		7	4	4	4	4	4	4	4	4		1	ความอร่อยของอายิโนะโมะโต๊ะที่ใส่ได้หลากหลายเมนูเช่นปูอัดทอดก็ได้	8	4	4	4	4	4	4	4	1	3	5													3	4	5	8	9	10							2									4	7		9	0940825783	0940825783							2	2	U76a9133ac047ce114444b0783ed6e71d	
100001357	2	2	1	4162	4162							1	1		2	41	3	3		1	3	1	7	1	1	2	3	4	5	6	7		1	2	3	4	5	6	7			1	2	3	4	5	6	7	4																						3	3	5	2												5	6	7	12	14	15	17	18	19	25																	1	3	6	7	8	9	16	21										5	1	2	3	4	7	9					1	3	9									1									1	1	3	1	5																																		2			1	2	3	6	7	8	9	10	11	12	14	15	16	22	23							2	3	6	7	9	12	14	22	23															5	4	1	5	7	8	9																																																																																																																					10	1	2	2		9	3	2	3	2	3	3	4	3	2		9	4	5	4	4	4	5	5	5	2		9	4	5	5	5	5	5	5	5	2		9	4	3	5	3	5	5	5	5		2		8	3	2	2	3	4	4	3	2	3	4													3	4	5	9									4										8		9	0965567506	0965567506							2	2	U19412ea14bf9f44c8addf0254f53f06a	
100001414	2	2	1	3786	3786							1	1		2	40	3	3		1	3	1	7	1	1	2	3	4	5	6	7		1	2	3	4	5	6	7			1	2	3	4	5	6	7	4																						3	7	5	2												3	10	14	17	19																						1	6	7	8	17	20												4	1	2	3	4	7	9					1	2	4	9								1	2								1	1	2	2	5	4																																	1	1		1	2	7	8	10	12	14	15														9	23																						4	3	1	17													1	15																																																																																																										9	11	2	2		9	4	4	4	4	4	4	4	4	2		8	4	4	4	4	4	4	4	4	2		9	4	4	4	4	4	4	4	4	2		9	4	4	4	4	4	4	4	4		2		9	4	4	4	4	4	4	4	1	4	2													3	9											3									4	2		9	0910561795	0910561795							2	2	Ufbe0ce6784072219bf37093b5fe2b932	
100001406	2	2	1	4665	4665							1	1		2	36	3	3		1	1	1	11	1	1	2	3	4	5	6	7		1	2	3	4	5	6	7			1	2	3	4	5	6	7	4																						1	3	5	2												3	4	5	6	7	10	11	12	13	17	19	25															3	4	16	19														5	1	2	3	4	7						1	2	3									1									1	1	3	1	4																																		1	10		1	2	6	7	8	9	11	12	15	16	19	22	23									2	9	11	14	15																			5	4	1	3	16																																																																																																																							11	11	2	1	ความหลากหลายในการทำอาหาร ที่ง่าย และ อร่อย	10	5	5	5	5	5	5	5	5	1	การทำอาหารที่สนุกสนาน และอร่อยไปด้วย	10	4	5	5	5	5	4	5	5	1	ความน่าสนใจในการทำอาหาร ความสนุกกับการทำอาหาร	10	5	5	5	5	5	5	5	5	1	การทำอาหารที่ง่าย และอร่อย	10	5	5	5	4	5	5	4	5		1	ความหลากหลายในการทำอาหาร ที่ง่ายขึ้นและอร่อย	10	5	5	5	5	5	5	5	5	1	4													3	4	5	6									2									5	10		9	0882088820	0882088820							2	2	U86fde8754cec8b74431c2bed991edca4	
100001383	2	2	1	1064	1064							32	3	1	2	44	3	3		1	1	1	7	1	1	2	3	4	5	6	7		1	2	3	4	5	6				2	3	4	6				4																						2	3	5	1										5		2	6	7	12	22																						3	6	9	10	20													4	1										1											1									1	1	13	1	4																																		2			1	15	18																			6	12																						4	4	1	2	3	10	17																																																																																																																					9	8	1	1	เพิ่มรสชาติในอาหาร	7	4	3	3	4	4	4	4	4	1	เพิ่มรสชาตในการทำอาหาร	8	3	4	4	3	4	3	4	4	2		6	3	5	4	4	5	4	3	4	2		8	3	4	4	5	4	4	3	5		1	ทำอาหรเป็รนเรื่องง่าย	7	4	4	3	4	4	4	4	2	3	4													7	9	11										3									3	8		8	0655319646	0655319646							2	2	U3d4ec9356e0c530a3d6d27e78e1486f3	
100001356	2	2	1	6480	6480							3	1		2	45	3	1		1	1	1	6	2	1	2	3	4	5	6	7		1	2	3	4	5	6	7			1	2	3	4	5	6	7	4																						2	4	5	2												5	11	14	19	20																						1	3	6	8	9	16	20	21										4	1	3	4								1	3	4									1									1	1	13	1	5																																		2			1	2	3	6	8	9	11	14	15	16	20	23										1	2	3	6	8	9	15	16	20	23														4	4	1	2	4	5	7	8	9																																																																																																																			11	11	4	2		9	4	4	5	4	5	5	5	4	2		10	4	4	5	4	4	5	5	4	2		8	3	4	4	4	4	4	4	4	2		8	4	4	5	4	4	5	5	4		2		10	5	5	5	5	5	5	5	1	5	4													1	2	3	9									5										2		9	0853372977	0853372977							2	2	U9f3f9695b7a5f32e3bc026554581eb14	
100001292	2	2	1	1884	1884							37	3	1	2	45	3	3		1	1	1	6	1	1	2	3	4	5	6	7		1	2	3	4	5	6	7			1	2	3	4	5	6	7	4																						4	3	5	3	2											6	7	12	13																							1	2	3	8	9	10												4	1	2	3	4	7	9					1	2	3	4	7	9						1									1	1	13	1	5																																		1	3		1	3	7	8	9	10	15	16	23													16	23																						5	5	1	2	3	4	5	10	11																																																																																																																			11	11	2	2		10	4	4	4	4	4	4	4	4	1	ทำใก้รสชาติอาหารดีขึ้น ทุกเมนู	10	4	4	4	4	4	4	4	4	1	เหมาะกับการทำอาหารได้ทุกเมนู	10	3	5	5	5	5	5	5	5	2		10	4	4	5	4	5	5	4	4		2		10	5	5	5	5	5	4	5	1	4	5													3	9											4										8		7	0902351592	0902351592							2	2	U7504db452e6a917ba89b9e6eb851af09	
100001301	2	2	1	4258	4258							1	1		2	40	3	3		1	1	1	8	1	1	2	3	4	5	6	7		1	2	3	4	5	6	7			1	2	3	4	5	6	7	4																						1	3	5	2												10	12	19	20	25																						3	7	9	10	17	19	20											5	1	2	3	4	10						1	2										1									1	1	2	2	5																																		1	12		1	3	8	15																		6																							5	5	1	3	5	8																																																																																																																						6	7	2	2		9	5	4	4	5	4	5	4	4	2		6	4	4	4	4	4	4	4	4	1	อายิโนะโมะโต๊ะ	6	5	4	4	4	4	5	4	4	2		9	4	4	4	4	4	4	4	4		1	ส่วนประกอบคือผงชูรส	10	5	4	4	4	4	4	4	5	4	1													1	3	4	5									1									5	2		7	0959670725	0959670725							2	2	U9e107da7754cc8bb556c16ee38a259ce	
100001337	2	2	1	3888	3888							47	4	1	2	45	3	3		1	2	1	5	2	1	2	3	4	5	6	7		1	2	3	4						1	2	3	4				4																						2	3	5	2												5	10	14	19	25																						3	8	16															4	1	2	3								1											1									1	1	13	1	5																																		2			8	15	16																			8	14																						4	3	1																																																																																																																									10	11	1	2		9	4	5	5	5	4	5	5	5	2		9	4	4	4	5	5	5	5	4	2		10	5	5	5	4	5	5	4	5	2		9	4	5	4	4	4	4	5	4		2		10	5	5	4	5	5	5	5	1	4	2													1	3	9										3									5	8		7	0946421222	0946421222							2	2	U6718bcb28e0258159b5e03b7ba56831f	
100001397	2	2	1	7309	7309							1	1		2	35	3	2		1	3	1	8	1	1	2	3	4	5	6	7		1	2	3	4	5	6	7			1	2	3	4	5	6	7	4																						3	2	5	2												15																										1	3	6	7	8	9	10	12	16	17	19	20	21					4	1	3	4								1	3	4									1									1	1	4	1	5																																		1	16	งานคอนเสิร์ต	1	3	4	6	7	8	9	10	11	12	15	17	18	19	20	21	22	23				3	12	14	15	19	20	23																	4	5	1	4	5	7	8	9	10	15	17																																																																																																																	9	9	3	2		10	5	5	5	5	5	5	5	5	1	ใส่แล้วอูมามิ	10	5	5	5	5	5	5	5	5	1	เติมเพื่อให้กลมกล่อม	10	5	5	5	5	5	5	5	5	2		10	5	5	5	5	5	5	5	5		2		10	5	5	5	5	5	5	5	2	3	1													2	3	9										2									5	8		9	0659625386	0659625386							2	2	U8256979409bbe70cd47a47421cebd699	
100001465	2	2	1	8831	8831							48	4	1	2	30	2	3		1	2	1	7	1	3	4							3	4								3	4						4																						1	4	5	2												9	14	15	19	20	24																					3	10	21															4	1	2	3								1	2	3									1									1	1	2	1	5																																		1	6		1	4	10																			8	10	11																					4	3	2																																																																																																																									9	9	2	1	สำหรับเมนูทอดก็อร่อย	9	5	5	4	4	5	5	4	5	1	ใส่แล้วอร่อย	8	5	4	4	5	5	4	5	4	1	ปรุงแล้วอร่อย	9	5	4	4	5	5	4	4	4	1	ของมันต้องมีใส่กับเมนูไข่อร่อยๆ	8	5	5	4	5	4	4	4	4		1	น้องหมีแพนด้าน่ารัก	9	5	4	5	5	4	5	5	4	1	5													3	10											1									4	8		9	0640462583	0640462583							2	2	Uda43fe051a141e1e46d28de3e2a33f68	
100001424	2	2	1	2009	2009							1	1		2	43	3	3		1	1	1	3	4	1	2	3	4	5	6	7		1	2	3	4	5	6	7			1	2	3	4	5	6	7	4																						1	5	5	2												4	5	6	7	8	12	14	17	19	25																	1	2	4	7	8	9	12	16										5	1	3	4								1											1									1	1	4	3	5																																		1	1		1	2	6	7	8	9	15	19														6	7	8	23																				5	3	1	3	5	8	9																																																																																																																					11	10	1	1	เครื่องปรุงรส	10	5	5	5	5	5	5	5	5	1	ความกลมกล่อมของเครื่องปรุงรส	10	5	5	5	4	5	5	5	5	1	รสชาติอร่อย	10	4	4	4	4	4	5	5	4	1	ความอร่อย	9	4	4	4	4	4	4	4	4		1	ต้องการบงบอกยี่ห้อ	10	4	4	4	4	4	4	4	4	5	2													2	3	4										1									4	8		9	0942103108	0942103108							2	2	Ua3a22347034d0ef0d5b108ddc90d5414	
100001460	2	2	1	8392	8392							74	5	1	2	34	2	3		1	1	1	11	1	1	2	3	4	5	6	7		1	2	3	4	5	6	7			1	2	3	4	5	6	7	4																						2	4	5	2												2	3	5	6	7	8	9	10	11	12	13	14	15	17	18	19	20	21	22	23	24	25					1	2	6	7	8	21												5	1	2									1	2										1	2								2	2	1	1	5	5																																	1	12		1	7	8	11	17	23																1	7	8	9	11	23																		5	5	1	5													1	4	5																																																																																																									11	11	3	1	รสชาติที่ดี	10	5	5	5	5	5	5	5	5	1	รสฮูมามิ ดีมาก	10	5	5	5	5	5	5	5	5	1	รสชาติที่ดี	10	5	5	5	5	5	5	5	5	1	รสชาตที่กลมกล่อม	10	5	5	5	5	5	5	5	5		1	อร่อยกลมกล่อม	10	5	5	5	5	5	5	5	1	5	4													3	4	7	9									1									5	3		9	0887935048	0887935048							2	2	Ub52b0a12779e41186e0f91f5961d67e2	
100001390	2	2	1	5358	5358							1	1		2	51	4	1		1	1	1	6	2	1	2	3	4	5	6	7		1	2	3	4	5	6	7			1	2	3	4	5	6	7	4																						1	2	5	2												2	3	4	5	10	12	13	14	19	20	25																1	2	3	4	6	7	8	9	10	12	16	17	21					5	1	2	3	4	7	9					1	2	7									1	2								1	1	13	1	5	5																																	1	12		1	2	3	4	6	7	8	9	10	11	14	15	16	19	21	22	23					3	6	8	9																				4	4	1	2	3	4	5	7	8	9	10	11	15	16	17		1	2	3	4	5	7	8	9	10	11	15	16	17																																																																																															6	4	2	1	ผงปรุงรสเจตรารสดีอร่อยจริง	10	5	5	5	5	5	5	5	5	1	ใส่ผงชูรสแล้วทำให้รสชาดอาหารดีขึ้น อร่อย ขาดไม่ได้เลบ	10	3	5	4	5	5	5	5	5	1	ผงชูรสให้ความอร่อยรสชาติกลมกล่อม	10	4	5	5	5	5	5	5	5	1	ผงชูรสช่วยทำให้อาหารง่ายขึ้นมีรสชาติที่อร่อย	10	4	5	5	5	5	5	5	5		1	ผงชูรสอายิโนะโมะโต๊ะใส่อะไรก็ได้ใส่อะไรก็อร่อย	10	5	5	5	5	5	5	5	1	5	4													1	2	3	4	7	9	10						2									4	8		8	0617045198	0617045198							2	2	Ua9d3e769c9b2c3dee2037365bf0dbb76	
100001459	2	2	1	9008	9008							23	2	2	2	30	2	3		1	3	1	4	3	1	2	3	4	5	6	7		1	2	3	4	5	6	7			1	2	3	4	5	6	7	4																						3	2	5	2												5	14	15	17	18	19																					1	3	4	8	9	19												4	1	2	7	9	10						1											1									1	1	13	1	5																																		1	16	จำไม่ได้	2	6	7	8	9	15																24																						ไม่เคยใช้	4	3	1	8	9																																																																																																																							11	11	1	2		10	4	4	5	5	5	3	4	4	2		9	3	4	3	4	4	3	4	4	2		9	3	4	3	4	4	3	4	4	2		7	3	5	4	4	4	4	4	3		2		9	4	4	4	4	3	5	4	1	5	4													1	2	3	9	10								2									4	2		12	0964751486	0964751486							2	2	U81d7d6c2dce8f508664cb6342177f461	
100001487	2	2	1	6460	6460							10	2	1	2	46	3	3		1	2	1	6	1	1	2	3	4	5	6	7		1	2	3	4	5	6	7			1	2	3	4	5	6	7	4																						2	5	5	2												5	6	7	9	11	12	13	15	17	19	20	22	23	25													1	3	7	21														5	1	2	3	4	7	9	10	11	12		1	2										1	2								2	2	1	3	5	5																																	1	2		1	8	9	14	23																	1	3	23																					5	4	1	8													1	7	8	16																																																																																																								11	1	4	2		4	3	3	4	4	4	4	4	3	2		5	3	3	3	4	3	3	4	3	2		4	3	3	3	3	3	4	4	3	2		5	3	4	4	4	4	4	4	3		2		5	3	4	4	4	4	4	4	5	2	1													3	9											1									4	8		9	0801293963	0801293963							2	2	U6bf85de8beba1708e25a6180fdd32cdf	
100001497	2	2	1	254	254							5	2	2	2	49	3	2		1	1	1	6	1	1	2	3	4	5	6	7		1	2	4	5	6	7				1	2	4	5	6	7		2	4	14									1	2	12																								1	2	3	5	7	14	19	20																			3	8	9	20														4	1	2	3	7	9	11					13											13									13	13	13	2																								3	4	6									1	4		3	4	6	11	21	22	23															3	4	6	8	11	14	22	23																4	4																																																																																																																										10	11	1	1	เป็นการทำอาหารที่อร่อย และทำได้ง่ายขึ้น เมื่อเราใช้ผลิตภัณฑ์ตัวนี้มาประกอบอาหาร	9	5	5	5	5	4	5	5	5	1	ทำให้อาหารมีความกลมกล่อม อร่อยแบบอูมามิ เพราะผลิตภัณฑ์ตัวนี้	9	5	5	5	5	5	5	5	5	1	อาหารอร่อยเพราะผลิตภัณฑ์นตัวนี้	10	5	5	5	5	5	5	5	5	1	อาหารอร่อยเพราะผลิตภัณฑ์ตัวนี้	10	5	5	5	5	5	5	5	5		1	อาหารอร่อย กลมกล่อมเพราะผลิตภัณฑ์นี้	9	5	5	5	5	5	5	5	4	1	3													1	2	3	4	5	6	7	9	10	12		ทำอาหารได้หลากหลาย	2									5	10		9	0867723629	0867723629							2	2	Uba7793faa51357bbee8ca0eeb693f437	
100001491	2	2	1	8594	8594							32	3	1	2	59	4	3		1	2	1	9	1	1	2	3	4	5	6	7		1	2	3	4	5	6	7			1	2	3	4	6	7		4																						2	7	5	2												3	5	10	12	14	19																					1	2	3	6	7	8	9	10	12	16	17	18	21					5	1	2	3	4	7						1	2										1									1	1	2	2	5																																		1	1		1	2	3	6	7	8	9	10	11	12	15	16	17	18	21	22	23					2	6	7	8	9	11	12	15	16	17	21	22	23											5	4	1	2	3	4	5	7	8	9	15	16																																																																																																																11	11	4	1	ทำจากวัตถุดิบจากธรรมชาติ ทำให้รสชาติอร่อยขึ้น ง่ายขึ้น	10	4	5	5	5	5	4	5	5	2		10	4	5	5	5	5	5	5	5	2		10	4	5	5	5	5	5	5	5	2		10	4	5	5	4	5	5	5	4		1	ความง่ายของการทำอาหารสำหรับเมนูเช้าก่อนไปโรงเรียน	10	4	5	5	4	5	5	4	1	4	5													1	2	3	4	9	10							2									4	6		9	0862265652	0862265652							2	2	U99791e842ccbf763a0f2ff24085a2cf0	
100001521	2	2	1	3529	3529							71	5	1	2	23	2	1		1	3	1	5	2	1	2	3	4	5	6	7		1	2	3	4	5	6	7			1	2	3	4	5	6	7	4																						3	6	5	1										1		2	3	6	7																							1	6	16															5	1	4	7	12							1	4	7									1	4	7							1	1	4	7	5			4			4																												1	1		8	17	19																			2	7	12																					4	5	1	3	15																																								3	7	8														2	5	8																																																													10	11	2	1	ให้สนนนนนนนนนนนนนนนนนนน	8	5	5	5	5	5	4	4	4	1	ให้สนใจจจจจจจจจ	9	5	4	4	5	5	5	5	5	1	ให้ลองงงงงงงงงงงงงงงงงง	9	4	4	5	5	4	5	4	5	1	ดูดีมากกกกกกกกกกกกกกกกกกกก	9	5	4	5	5	5	5	4	4		1	น่าสนนนนนนนนนนน	8	5	4	5	4	4	5	5	4	5	1													3	5	10										1									5	2		6	0987127677	0987127677							2	2	U01ece3c54ed60ae4342742bd0e2f1568	
100001527	2	2	1	408	408							74	5	1	2	33	2	3		1	1	1	4	3	1	2	3	4	5	6	7		1	2	4	5	6	7				1	2	4	5	6			2	5																																				5	10																									1																	2	1	2	3	4							13											13									13	13	13	13																								7											2			1																					1																							3	3																																																																																																																										6	7	3	2		6	3	3	4	3	3	3	4	3	2		6	3	3	4	3	3	3	4	3	2		5	3	4	3	3	3	3	4	3	2		6	3	3	4	3	3	3	4	3		2		6	3	4	3	3	3	4	3	1	5	4													1	2	3										4										3		9	0878882087	0878882087							2	2	U9673e2e0807fa83d43b57339262ff336	
100001445	2	2	1	3454	3454							10	2	1	2	35	3	1		1	1	1	5	2	1	2	3	4	5	6	7		1	2	3	4	5	6	7			1	2	3	4	5	6	7	4																						1	7	5	2												2	3	4	5	6	7	8	12	13																		1	2	3															5	1										1											1									1	1	13	1	5																																		1	1		4																					4																							5	5	1	2	3																																																																																																																							11	11	4	2		7	3	3	3	3	3	3	3	3	1	สือถึงข้อมูลไหม่ๆและความคุ้มค่ายิ่งขึ้น	10	3	5	5	5	5	5	5	5	1	สือถึงข้อมูลไหม่ๆและความคุ้มค่ายิ่งขึ้น	10	5	5	5	5	5	5	5	5	2		10	4	5	5	5	5	5	5	5		1	สือถึงข้อมูลไหม่ๆและความคุ้มค่ายิ่งขึ้น	10	5	5	5	5	5	5	5	1	2	4													2	3											1									5	8		7	0806048405	0806048405							2	2	U8be2225993849893968b84e3cbe24bd4	
100001531	2	2	1	1615	1615							32	3	1	2	30	2	3		1	1	1	9	1	1	2	3	4	5	6			2	3	4							2	3						4																						1	7	5	1										3		5	7	9	18	24																						9	10	21															4	1	2	3	4	7	9	10	11	12		1	2	3	4	7	9	10	11	12			1	2	4	7	9	10	11	12		1	1	2	1	5	4		4			5		5	5	5	5																							2			1	17																				6																							1	2	4	15	17												4	9																											8	16															14	15	17													3	16													4	7																																	9	9	3	2		9	5	4	5	5	5	4	5	4	2		10	5	4	3	5	5	4	5	5	2		10	5	4	5	4	4	5	5	5	2		10	5	4	4	5	5	5	5	5		2		9	5	5	5	4	5	5	5	5	4	3													3	4	5	8									1									5	5		10	0952043189	0952043189							2	2	Ua66ecc77e0c4b9bcfed40c2b9cf4b8a8	
100001532	2	2	1	3588	3588							15	2	1	2	29	2	1		1	2	1	8	1	1	2	3	4	5	6	7		1	2	3	4	5	6	7			1	2	3	4	5	6	7	4																						2	3	5	1										1		5	7	14	19	25																						1	2	3	6	16	21												5	1	2	3	4							1	2										1	2								1	1	13	2	5	3																																	1	1		1	2	3	6	11	14	15	16	22	23												6	16																						5	3	1	2	3	5	7	16									1	3	5	7	16																																																																																																							11	10	1	2		10	4	4	5	4	5	5	5	5	2		9	4	4	4	4	5	5	5	5	2		9	4	5	4	4	5	5	5	5	2		10	4	4	5	4	5	5	5	5		2		10	5	4	5	5	5	5	5	1	5	4													3	9											2									5	2		9	0953919104	0953919104							2	2	U55ac5222160596117266362185574319	
100001535	2	2	1	8814	8814							45	3	1	2	31	2	3		1	1	1	8	1	1	2	3	4	5	6	7		1	2	3	4	5	6	7			1	2	3	4	5	6	7	4																						2	4	5	3	5	เนื่องจากทำกับข้าวให้ลูก										5	17	18	19	20																						1	2	3	6	8	21												5	1	2	4								1	2										1									1	1	13	1	5																																		2			2	3	8	9	15																	8	9																						5	3	2	4	5																																																																																																																							9	9	3	2		7	4	4	4	4	4	4	4	4	1	อร่อยชัวร์	7	4	4	4	4	4	3	4	3	2		7	4	4	4	4	4	4	4	4	2		7	4	4	4	4	4	4	4	4		2		8	4	4	4	4	4	4	3	1	2	5													2	3	9										2									4	2		9	0874555263	0874555263							2	2	U716007a67bc2ab72d518a9c504facfab	
100001354	2	2	1	9983	9983							47	4	1	2	31	2	2		1	3	1	4	3	1	2	3	5	6	7			1	2	3	5	6	7				1	2	3	5	6	7		4																						3	6	5	2												5	9	10	11	12	15	17	18	19	25																	1	2	3	4	6	8	9	16	21									4	1	2	3	7	10						1	2	3									1	3								1	1	3	1	5		4																																1	1		1	2	3	4	6	8	9	10	11	14	15	16	22	23								3	8	9	11																				4	3	1	2	3	4	5	7	8	9	10	14	15	16	17																1	3	4	7	8	9	14																																																																																							9	9	3	2		7	3	4	4	4	4	4	4	4	1	สื่อถึงการทำอาหารแข่งกัน โดยใช้อายิโนโมโต๊ะเป็นเครื่องปรุงทำให้รสชาติอุมามิ รายการคือเบสตี้ เทสตี้ มีเอส วิลเลี่ยมมาเป็นแขกรับเชิญ	9	5	5	5	5	5	5	5	5	1	เตนิว โพก้าซัง และน้องหมีแพนด้า มาประกอบอาหารโดยใช้อายิโนโม๊ะโต๊ะเป็นเครื่องปรุงเพื่อเพิ่มความอร่อยและกลมกล่อมและลองให้แฟนคลับอลงชิม	9	5	5	5	5	5	5	5	5	2		6	3	3	3	3	3	3	3	3		2		8	4	4	4	4	4	4	4	2	3	1													1	3	4	5	9	10							5										8		9	0902472242	0902472242							2	2	Ubcc064d1c955fa127ea15a38b0d9bbc4	
100001562	2	2	1	3574	3574							14	2	1	2	32	2	3		1	2	1	7	1	1	2	3	4	5	6	7		1	2	3	4	5	6	7			1	2	3	4	5	6	7	4																						2	4	5	1										1		5	7	12	14	15	17	18	19	25																		1	3	6	8	9	10	21											5	1	2	3	4	7						1											1									1	1	13	1	5																																		1	12		1	3	6	8	9	10	11	14	15	23												1	6	9																					5	4	1	2	5	7	8	9																																																																																																																				10	9	4	2		10	5	5	5	4	5	5	5	5	2		9	4	4	5	4	5	5	5	5	2		9	4	4	5	4	5	5	5	5	2		10	5	5	5	4	5	5	5	5		2		10	4	5	4	5	5	5	4	1	4	3													1	3	9										2									5	6		9	0870452386	0870452386							2	2	U76447e28baa2f5b6a99fa5349d659a36	
100001570	2	2	1	9734	9734							32	3	1	2	34	2	1		1	1	1	5	2	1	2	3	4	5	6	7		1	2	3	4	5	6	7			1	2	3	4	5	6	7	4																						1	2	5	2												11	14	19																								1	3	6	7	8	9												5	1	3	7								1	3										1									1	1	3	1	5																																		2			3	9	15	17	23																	2	3	23																					5	5	1	2	3	4	5	7	8																																																																																																																			8	8	4	2		9	4	5	5	4	5	4	4	4	2		10	5	4	5	5	4	5	4	5	1	ดี เป็นผงชูรสที่ดีต่อสุขภาพ	9	4	5	5	5	5	5	4	4	2		10	5	5	4	5	4	5	5	5		2		10	5	4	5	4	5	5	5	4	1	2													1	2	3	4	5								2									5	8		9	0935145261	0935145261							2	2	U70a8c47d4fc138d5826dafcfa829e7ad	
100001577	2	2	1	3314	3314							32	3	1	2	30	2	3		1	1	1	9	1	1	2	3	4	5	6			2	3	4							2	3						4																						1	5	5	2												1	2	3	4	5	6	7	8	9	10	11	12	14	15	17	18	19	20	21	22	23	24	25				1	2	3	4	6	7	8	9	10	12	16	17	18	19	20	21		5	1	2	4								1	2										1	2								1	1	13	1	5	5																																	2			1	2	3	4	6	7	8	9	10	11	12	14	15	16	17	18	19	20	21	22	23	1																							5	3	1	2	3	4	5	7	8	9	10	11	14	15	16	17	1	14																																																																																																										11	11	3	2		6	3	3	3	3	3	3	4	2	2		5	4	3	4	3	3	3	4	3	2		6	3	3	3	4	3	3	4	3	2		5	3	4	3	3	3	3	4	3		1	ดีเห็นด้วย	5	3	4	4	3	3	3	3	3	5	1													1	2	3	4	5	6	7	8	9	10	11		3									3	1		10	0814985001	0814985001							2	2	Uf14fb13fa905fa54d413b3414d0f7703	
100001583	1	1	1	4335	4335							47	4	1	2	55	4	5		1	2	1	3	3	1	2	3	4	5	6	7		1	2	4	5	6	7				1	2	4	6				2	4										1	2																									5	8	10	11	12	13	14	17	19	20																	1	3	8															3	1	3	4								13											13									13	13	13	1																								1	3	4									2			1	6	7	8	23																	2	17																						3	3																																																																																																																										7	8	4	2		8	4	4	4	4	3	4	4	4	2		8	4	4	5	4	3	4	5	4	2		8	5	5	5	4	4	4	5	4	2		8	3	4	4	3	3	3	4	2		2		5	4	4	4	4	4	5	4	3	1	5													1	9											4										12		5									2	1	C327082589_1-9-4-sgln53acj9byf75tb431zqhsvd	
100001588	2	2	1	10050	10050							32	3	2	2	50	4	2		1	1	1	4	3	1	2	3	4	5	6	7		1	2	3	4	5	6	7			2	3	4	5	6	7		4																						1	5	5	2												5	7	11	13	19																						1	2	4															5	1	2	3	4	9						1	2	3	9								1	2								1	1	13	1	5	5																																	1	5		1	3	8	15																		3																							5	3	1	2	3	5											1	2	3	4																																																																																																								11	9	2	1	การใช่ตัวช่วยในการปรุงอาหารให้อร่อย	10	5	4	5	4	4	4	5	5	1	ใช้อุมามิช่วยในการปรุงอาหารให้อร่อย	9	4	4	5	4	4	5	4	4	1	อยากให้มีติดบ้านติดครัวไว้ประจำ	9	4	4	4	4	4	4	5	4	1	การทำอาหาร	8	3	3	4	3	3	3	3	3		1	การใช้ผลิตภัณฑ์ในการช่วยปรุงอาหารให้มีรสชาติดีขึ้น	10	4	5	5	5	5	5	5	5	1	2													1	3	4	10									3									4	3		7	0856444689	0856444689							2	2	U736f347e77e215aa628def2f737fd9be	
100001597	2	2	1	10070	10070							37	3	1	2	30	2	3		1	1	1	9	1	1	2	3	4	5	6			2	3	4							2	3						4																						1	7	5	1										6		1	4	6	8	10	23																					2	6	9															5	1	2	3	4	7	9	10	11	12		1	2	3	7	9	10	11	12				1	2	3	7	9	10	11	12		1	1	2	3	5	5	4				5		5	5	5	5																							1	13		21																					1	16	20																					5	4	1	2	17												4	9	17												4	8	9	17																											4	5	9	17												5	9	17												4	9																																	9	11	1	2		10	4	4	5	5	4	4	5	5	2		9	5	5	5	5	4	5	5	4	2		10	5	5	4	5	4	5	4	5	2		10	5	4	5	5	4	5	5	5		2		10	4	5	5	4	5	4	5	5	2	1													2	5	9	10									1									5	5		10	0957811462	0957811462							2	2	Uce32da63125a32be400c97c321dd21b6	
100001559	1	1	1	5424	5424							50	4	1	2	58	4	1		1	1	1	6	1	1	2	3	4	5	6	7		1	2	3	4	5	6	7			1	2	3	4	5	6	7	4																						1	3	5	2												1	2	4	5	8	11	18	19	20	23	24	25															1	2	3	4	6	7	8	9	10	12	16	20						4	1	3									1	3										1									1	1	3	1	5																																		1	8		1	2	3	6	7	8	9	10	12	14	15	16	20	22								1	2	6	9	15																			4	4	1	3	5	7	8	16																																																																																																																				11	11	4	2		7	4	4	4	4	4	4	4	4	2		10	4	4	4	4	4	4	4	4	1	ดีเป็นโฆษณาที่เข้าใจง่าย	10	4	4	4	4	4	4	4	4	2		5	3	4	4	4	4	4	4	4		2		10	4	4	5	4	4	4	4	5	4	1													1	2	3	4	5	6	7	8	9	10			4										3		9									2	1	C327082589_1-9-4-sgor7tku7xihilfin9nohvzw4v	
100001600	2	2	1	10976	10976							37	3	1	2	30	2	3		1	1	1	9	1	1	2	3	4	5	6			2	3	4							2	3						4																						1	7	5	1										7		2	12	17	24																							2	7	10															5	1	2	3	4	7	9	10	11	12		1	2	3	4	7	9	10	11	12			1	2	3	4	7	9	10	11		4	4	1	3	5	5	4	5			5		5	5	5																								1	6		14	16																				2	12																						4	5	3														2	8	16												3	7													4	8	9														3	17														4	9	17												4	9	17																																8	11	2	2		10	5	5	5	4	4	5	5	4	2		9	5	5	5	5	5	5	5	4	2		10	4	5	4	4	5	5	5	5	2		10	5	4	5	4	5	5	4	5		2		8	5	5	5	5	4	5	4	5	4	2													8	10	11										1									5	4		11	0876916332	0876916332							2	2	U3593ca3fa5eefc5c82b16d6276894c1d	
100001614	1	1	1	9424	9424							64	5	1	2	51	4	4		1	2	1	7	1	1	2	3	4	5	6	7		1	2	3	4	5	6	7			1	2	3	4	5	6	7	4																						3	1	5	2												12	14	19																								1	6	8															4	1	3	7								1											1									1	1	13	1	5																																		2			1	4	7	8	17																	1	8	9																					5	4	1	8																																																																																																																								10	9	4	2		9	4	4	4	4	4	4	4	4	2		9	4	4	4	4	4	4	4	4	2		9	4	4	4	4	4	4	4	4	2		8	4	4	4	4	4	4	5	4		2		8	4	4	4	4	4	4	4	1	4	2													1	2	4	5	9								5										10		9									2	1	C327082589_1-9-4-h63bwyau5iq8y5dttu77ln4k	
100001644	2	2	1	2155	2155							58	4	1	2	33	2	3		1	2	1	5	2	1	2	3	4	5	6	7		1	2	3	4	5	6	7			1	2	3	4	5	6	7	4																						2	6	5	1										3		2	3	4	5	7	9	11	12	13	14	17	18	19	20	25												1	2	3	4	6	7	8	9	10	12	16	17	18	19	20	21		5	1	2	3	4							1	2	3	4								1	2								2	2	1	2	5	2																																	1	1		1	2	3	4	6	7	8	9	10	11	12	14	15	16	17	18	19	20	21	22	23	1	15																						5	5	1	2	3	4	5	7	8	9	10	11	14	15	16	17	1	2	3	4	5	7	8	9	10	11	14	15	16	17																																																																																														11	11	3	1	รสดีผสมในอาหารอร่อยเด็ดแน่นอน	10	5	5	5	5	5	5	5	5	1	ตัวช่วยในการทำอาหาร อูมามิ	10	5	5	5	5	5	5	5	5	1	ผงชูรสอายิโน๊ะโม๊ะโต๊ะอร่อยช่วดลดโซเดียม	10	5	5	5	5	5	5	5	5	1	อาหารใส่อายิโน๊ะโม๊ะโต๊ะ จะช่วยประสานความอร่อย	10	5	5	5	5	5	5	5	5		1	แค่มีอายิโน๊ะโม๊ะโต๊ะ ก็อร่อย	10	5	5	5	5	5	5	5	4	1	2													1	2	3	4	5	6	7	8	9	10	11		1									5	8		9	0817867350	0817867350							3	2	Uc9cf01962196d7771f629e3f4ed491bd	
100001658	1	1	1	5813	5813							11	2	1	2	35	3	3		1	1	1	5	2	1	2	3	4	5	6	7		1	2	3	4	5	6	7			1	2	3	4	5	6	7	4																						1	5	5	1										1		1	2	4	5	6	7	8	9	10	11	12	13	14	15	17	18	19	23	24	25							1	2	3	4	6	7	8	20										5	1	2	3	4							1	2	3	4								1	2								1	1	2	2	5	4																																	1	12		1	2	3	4	7	8	11	14	15	16	17											1	2	3	4	6	7	11	14	16															5	5	1	2	3	7	9	15	16	17							1	2	3	4	7	9	10	15	16	17																																																																																																		10	9	2	2		8	4	4	4	4	4	4	5	4	1	อายิโนะโมโต๊ะ	9	4	4	4	4	3	3	4	3	2		6	3	4	4	3	3	4	4	3	2		9	4	4	4	4	4	4	4	4		1	ผงชูรสใช้กับอะไรก็ทำให้กลมกล่อม	10	4	4	4	4	5	5	3	1	5	4													1	3	4	9									3									4	8		6									2	1	C327082589_1-7-2-sgv223g5e0u98fkcij069s8jir	
100001662	1	1	1	6	6							55	4	1	2	58	4	3		1	1	1	5	2	1	2	3	4	5	6	7		1	2	3	4	5	6	7			1	2	3	4	5	6	7	4																						1	3	5	2												1	5	11	12	14	15	17	19																			1	4	21															4	1	2	3	4							1	2	3									1									1	1	3	2	5																																		2			1	4	6	7	9	14																1	4	8	23																				4	3	5	7																																																																																																																								7	8	4	1	ทำได้หลากหลายเมนู	8	4	5	4	4	4	4	4	4	2		7	4	4	4	4	4	3	4	4	1	อายิโนะโมะโต๊ะ	7	4	4	5	4	4	4	4	4	2		8	4	5	4	3	4	4	4	4		1	ทำได้หลากหลาย	9	4	4	4	4	4	4	4	2	1	5													3	9											4										2		6									2	1	C327082589_2-9-2-sgg75d4b27e4d6vzmv6lrwho9h	
100001663	1	1	1	2090	2090							51	4	1	2	50	4	2		1	2	1	3	3	1	2	3	4	5	6			1	2	3	4	5	6				1	2	3	4	5	6		4																						3	2	5	3	3		8						น้ำตาล			12	14	19																								3	7	8	9	16	20	21											5	1	2	3	4							1											1									1	1	3	1	5																																		1	6		6	7	8	9	11	16	20	23														6	7	8	9	16	20	23																	5	5	7	17																																																																																																																								11	11	4	2		10	4	4	4	3	4	4	5	4	2		10	4	4	5	3	4	4	5	4	2		10	4	4	4	3	4	4	5	4	2		10	4	4	4	3	4	4	5	4		2		10	4	5	4	4	5	5	4	4	1	5													1	2	9										2									4	3		9									2	1	C327082589_2-9-2-sgmte28vzpimuevs4lwb584rkp	
100001667	1	1	1	10619	10619							48	4	1	2	38	3	3		1	1	2	5	2	1	2	3	4	5	6	7		1	2	3	4	5	6	7			1	2	3	4	5	6	7	4																						1	3	5	1										1		6	7	9	10	11	12	13	14	15	17	19	25															1	3	4	6														3	1	2	3	4							1	2	3	4								1	2								1	1	13	1	5	4																																	1	5		9	15																				8	15																						3	3	1	3	7												1	3																																																																																																										8	6	1	2		7	4	4	4	4	4	4	5	4	2		5	3	3	2	3	3	3	3	3	2		5	3	3	2	3	3	3	3	3	2		6	4	4	4	4	4	4	4	4		2		5	3	4	4	4	4	4	3	1	4	5													1	3	9										5										8		7									3	1	C327082589_1-7-2-sgz62foh52v5iizl6e80nprhlb	
100001664	1	1	1	3997	3997							21	2	2	2	52	4	2		1	1	1	2	4	1	2	3	4	5	6	7		1	2	4	5	6	7				1	2	4	6	7			2	2	3	5	10																								4									5	13	14	18	19																						1	7	8	21														3	1	2	3	4	10						13											13									13	13	13	13																								3	4										2			6	7																				6	7																						3	3																																																																																																																										8	6	3	2		7	4	4	4	4	4	4	4	4	2		7	4	4	4	4	4	4	4	4	2		7	3	4	3	4	3	3	4	3	2		5	3	4	3	3	3	3	4	3		2		7	4	4	4	4	4	4	4	1	2	5													1	3	9										5										2		11									2	1	C327082589_2-9-2-sgopag94jh9xu8dsz7bixzes4a	
100001674	1	1	1	10304	10304							10	2	1	2	46	3	2		1	2	1	3	3	1	2	3	6					1	2	3	6						1	2	3	6				4																						2	4	5	1										1		2	3	7	9	10	12	13	14	15	17	18	25															1	6	7															5	1	3									1	3										1									1	1	3	1	5																																		2			6	9	22																			1	2	3																					5	5	1	2																																																																																																																								11	9	3	2		9	5	5	5	4	4	5	5	5	2		8	4	5	4	4	4	4	4	4	2		9	4	5	5	5	4	4	4	4	2		9	4	5	5	5	4	5	5	5		2		9	5	5	5	4	4	4	5	5	3	1													1	3	7										5										3		7									2	1	C327082589_1-7-8-sge9te62h181p2av9jpiz6b0tf	
100001688	1	1	1	9310	9310							47	4	2	2	46	3	3		1	1	1	7	1	1	2	3	4	5	6	7		1	2	3	4	5	6	7			1	2	3	4	5	6	7	4																						1	5	5	2												12																										1	2																5	1										1											1									1	1	13	1	5																																		1	6		6	20																				6	20																						5	5	1	3																																																																																																																								11	11	2	1	รสดีรสเห็ดหอม	10	5	5	5	5	5	5	5	5	1	อายิโนะโมะโต๊ะการทำอาหารให้อร่อย	10	5	5	5	5	5	5	5	5	1	ความอร่อยของอยิโนโมโตะ	10	5	5	5	5	5	5	5	5	1	ความอร่อย	10	5	5	5	5	5	5	5	5		1	ความอร่อยของวัตถุดิบ	10	5	5	5	5	5	5	5	1	2	4													1	2	3	5									1									5	8		9									2	1	C327082589_2-7-1-sgpgrfxkaaevnont818ap8nk2v	
100001668	1	1	1	8526	8526							71	5	1	2	43	3	3		1	1	1	6	1	1	2	3	4	5	6	7		1	2	3	4	5	6	7			1	2	3	4	5	6	7	4																						3	5	5	1										1		1	2	5	7	8	10	11	12	14	17	19	25															1	2	3	4	6	7	8	9	10	16	17	18	19	20	21			5	1	2	3	4	7	9	10	11	12		1	3	4									1	4								1	1	4	1	5			4																															1	1		1	2	3	4	6	7	8	9	10	11	12	14	15	16	17	18	19	20	21	22	23	1	2	3	4	7	8	9	10	11	12	14	15	16	17	18	19	20	21	22	23				5	5	1	2	3	4	5	7	8	9	10	11	15	16	17																														1	3	4	7	9	11	15	16	17																																																																							11	11	2	1	ทอดมันเห็ดอร่อยยิ่งขึ้นเมื่อมีชูรส	10	5	5	5	5	5	5	5	5	1	รสชาติอาหารจะอร่อยมากขึ้นเมื่อมีชูรส	10	5	5	5	5	5	5	5	5	1	ให้ความแตกต่างของรสชาดอาหารเมื่อใส่ชูรส	10	5	5	5	5	5	5	5	5	1	แค่มีชูรส ทำเมนูอะไรก็อร่อย	10	5	5	5	5	5	5	5	5		1	ตัวชูรสอาหารที่พลาดไม่ได้ ต้องมีติดครัว รังสรรค์เมนูอร่อย	10	5	5	5	5	5	5	5	4	1	2													1	2	3	4	5	6	7	8	9	10	11		1									5	8		9									2	1	C327082589_2-7-1-maplxk45x82mq4tdhjbflpku	
100001685	1	1	1	2759	2759							37	3	1	2	50	4	3		1	2	1	9	1	1	2	3	4	5	6	7		1	2	3	4	5	6	7			1	2	3	4	5	6	7	4																						2	5	5	1										1		7	11	12	13	14	15	17	19	21	25																	1	3	8	9														5	1	2	3	7							1	2	3	7								1	2	3							1	1	2	1	5	4	4																																2			1																					2																							5	5	1														1														8																																																																																													10	10	2	2		10	5	5	5	5	5	5	5	5	2		10	5	5	5	5	5	5	5	5	2		9	5	5	5	5	5	5	5	4	2		10	5	5	5	5	5	5	5	5		2		9	5	4	5	5	5	5	5	1	2	4													1	3	9										2									5	8		9									2	1	C327082589_2-9-2-sgjipifdf2y6pob60slqkko9mg	
100001684	1	1	1	10808	10808							15	2	2	2	51	4	1		1	1	1	3	3	1	2	3	4	5	6	7		1	2	3	4	5	6	7			1	2	3	4	5	6	7	4																						1	5	5	2												3	5	6	7	8	9	10	14	17	18	19	21	22	24	25												1	2	3	4	6	7	8	9	20	21								5	1	2	3	4	7	9					1	2	3	4	7	9						1	2	3							1	1	2	1	5	4	3																																1	5		1	2	3	4	6	7	8	10	11	14	15	17	20	23								1	2	4	7	8	9	10	11	16	17	20	22												5	5	1	2	3	10	11										1	3	5	8	9	11	15	16	17						1	3	4	5	7	8	11	15	16																																																																																					11	11	3	1	แพ็คเกจดูสวยและหรู	8	4	4	3	4	3	4	4	3	1	มีรสชาติอูมามิและมีความสนุกสนานกับในการทำอาหาร	10	5	4	5	4	4	4	5	4	1	ความซื่อเป็นรักโลกร้อนธรรมชาติ	8	4	4	3	4	4	4	4	4	1	ใส่อายิโนะโมะโตะแล้วทำให้อาหารอร่อยขึ้น	9	5	5	5	5	4	4	5	4		2		8	4	4	4	4	4	3	4	1	3	4													1	3	4	5	6	7	8	9	10				4										1		5									2	1	C327082589_2-9-2-sgdhrvg1noctsze8y8tarhjdv2	
100001693	1	1	1	7798	7798							18	2	1	2	46	3	3		1	2	1	6	1	1	2	3	4	5	6	7		1	2	3	4	5	6	7			1	2	3	4	5	6	7	4																						2	3	5	2												14	19																									1	2	3	6														5	1	2									1	2										1	2								1	1	2	1	5	4																																	1	9		4	16	20																			16																							5	5	1	3	4												1	3																																																																																																										11	10	3	1	ทำได้หลากหลายเมนู	10	5	5	5	5	5	5	5	5	1	ใส่ในเมนูอะไรก็อร่อย	10	5	5	5	5	5	5	5	5	1	อายิโน๊ะโม๊ะโต๊ะทำให้อาหารกลมกล่อม	10	5	5	5	5	5	5	5	5	1	ใส่อะไรก็อร่อย	10	5	5	5	5	5	5	5	5		1	ทำได้หลากหลายเมนู	10	5	5	5	5	5	5	5	2	1	4													3	4	9										1									5	8		9									3	1	C327082589_2-7-1-xajbp2gn9va2ina851gdi1bq	
100001689	1	1	1	6244	6244							5	2	1	2	41	3	3		1	3	1	11	1	1	2	3	4	5	6	7		1	2	4	5	6	7				1	2	4	6	7			2	3	4	5								2	5	10															1	2	4	5						5	7	12	14	21																						1	3	6															3	1	4									13											13									13	13	13	1																								3	4										1	4		1	2	3	6																		3	8	9	23																				3	3																																																																																																																										8	8	2	2		10	5	4	5	5	5	4	5	5	1	รสชาติอร่อย นัว เหมือนเดิม ช่วยให้อาหารมีรสอูมามิ	8	5	5	5	4	5	4	5	5	1	โฉมใหม่ปรับให้ดูน่ารัก น่าใช้ และทันสมัยขึ้น	9	5	4	5	5	4	4	5	4	2		8	4	3	5	5	4	4	5	4		1	เป็นตัวช่วยในการปรุงอาหารเพื่อให้ อาหารอร่อยขึ้น และทำได้ง่าย	9	4	5	5	4	4	5	4	5	1	3													1	2	4	5	7								3									4	6		11									3	1	C327082589_2-7-1-ztp1AfVnwGX1pD6qC7cQzueo	
100001661	1	1	1	736	736							45	3	1	2	53	4	1		1	2	1	3	3	1	2	3	4	5	6	7		1	2	3	4	5	6	7			1	2	3	4	5	6	7	4																						4	2	5	2												5	11	12	14	19																						1	3	7	8	21													5	1	3	4								1	4										1									1	1	4	1	5																																		1	12		1	7	23																			1	7	23																					5	5	1	17																																																																																																																								11	11	1	2		10	4	4	4	4	5	4	5	4	2		10	4	5	5	5	4	4	5	4	2		9	4	4	4	4	4	4	4	5	2		9	4	4	5	5	4	4	5	4		2		9	4	5	4	5	4	4	4	5	1	2													3	9											4										8		9									2	1	C327082589_2-9-2-sgket5h8jsoc5twykubxdu4wm8	
100001686	1	1	1	6353	6353							47	4	1	2	55	4	3		1	2	1	6	1	1	2	3	4	5	6	7		1	2	3	4	5	6	7			1	2	3	4	5	7		4																						1	4	5	3	4		1	2	4							4	5	6	7	10	11	12	13	14	15	17	18	19	20	25												1	3	4	7	8	9	17	20										4	1	2	7	10							1	2										1									1	1	2	2	4																																		1	12		1	2	3	6	7	8	9	11	16													1	2	4	6	7	8	9	12	21															5	5	1	3	5	7	8	9	11	15																																																																																																																		6	1	2	1	ผงปรุงรสดีเอาใส่ทอดมันเกิดทำให้อร่อยน่ากิน	10	4	5	4	5	4	5	4	4	1	อายิโนะโมะโต๊ะ เพิ่มความกลมกล่อมให้กับอาหารให้มีรสชาติ	10	4	4	5	4	4	4	4	4	1	อายิโนะโมะโต๊ะ สื่อให้เห็นความสำคัญในการทำอาหาร มีโซเดียมน้อย	10	4	4	5	4	4	4	4	4	1	ไข่เจียวเดิมอายิโนะโมะโต๊ะ ลงไปทำให้อร่อยลงตัว น่ากิน	10	4	4	4	5	4	5	4	4		1	ผงชูรสเอาใช้ทำได้หลายเมนู	10	4	4	4	5	4	4	5	2	1	5													1	2	3	4	7	9	10						2									5	14		6									2	1	C327082589_2-9-2-sg8dxba33ei9hxtoc3re1hvp4b	
100001704	1	1	1	7257	7257							37	3	1	2	57	4	5		1	1	1	6	1	1	2	3	4	5	6	7		1	2	4	5	6	7				1	2	4	5	6	7		2	2	3	4	10							1	2	10	12														1	2	4	5	6	7				2	5	7	10	11	12	15	17	18	19	20	23	25														1	2	3	6	8													3	1	3									13											13									13	13	13	13																								1	2	3	4	8							2			1	2	3	8	10	11	22	23														1	2	3	8	10	11	16	23																3	3																																																																																																																										11	11	4	2		10	5	5	5	5	5	5	5	5	2		10	5	5	5	5	5	5	5	5	2		10	5	5	5	5	5	5	5	5	2		10	4	5	5	5	5	5	5	4		2		10	5	5	5	5	5	5	5	5	2	3													1	2	3	4	5	7	9	10					5										8		9									2	1	C327082589_2-9-2-h8ohd0mij09v55c1fwvtvoxg	
100001706	1	1	1	8738	8738							74	5	1	2	54	4	3		1	1	1	5	2	1	2	3	4	6	7			1	2	3	4	6	7				1	2	3	4	6	7		4																						3	3	5	2												2	3	5	8	12	13	14	17	18	19	21	25															6	9	17	21														2	1	2	3	4	7	9					1	2	4	7								1	2	7							1	1	4	1	5	3					2																												2			7	8	9	11	14	23																3	9	10	14	23																			3	3	2	3	5												5																																												3	8																																																														9	9	2	2		9	4	4	4	4	4	4	4	4	2		8	4	4	4	4	4	4	4	4	2		9	4	4	4	4	4	4	4	4	2		8	3	4	3	3	3	4	4	3		2		8	4	4	4	4	4	4	4	1	5	3													1	3	6	9	10								4										3		6									2	1	C327082589_2-9-2-sgdotx11nfih4ft3zkvtdu84za	
100001707	1	1	1	4108	4108							11	2	2	2	43	3	5		1	1	1	8	1	1	2	3	4	5	6	7		1	2	3	4	5	6	7			1	2	3	4	5	6	7	4																						2	3	5	3	4		4									5	6	7	10	11	12	15	17	18	19	20	25															3	8																4	1	2	3	4							1	4										1									1	1	13	1	5																																		2			3	6	8	14	15																	2	3	6																					4	4	1	7																																																																																																																								10	10	1	2		10	5	5	5	5	5	5	5	5	2		10	5	5	5	5	5	5	5	5	2		10	5	5	5	5	5	5	5	5	2		10	5	5	5	5	5	5	5	5		2		10	5	5	5	5	5	5	5	2	1	5													3	4											5										2		9									2	1	C327082589_2-7-1-sgr53bsicqh3apcu8yuqjqut1h	
100001715	1	1	1	9164	9164							74	5	1	2	49	3	3		1	3	1	8	1	1	2	3	4	5	6			1	2	3	4	5					1	2	3	4	5			4																						3	2	4	3	4		7									3	10	12																								1	3	7															5	1	10									1											1									1	1	10	1	4																																		2			9	15	23																			4	21																						5	4	3	16	17																																																																																																																							5	7	3	2		7	4	3	3	4	4	4	4	4	1	ความนัวที่ลงตัว	8	4	4	4	4	4	4	4	4	2		8	4	4	4	4	1	4	4	4	2		8	4	5	5	4	4	4	4	4		2		7	4	4	4	4	4	4	4	4	3	1													2	9	11										4										6		6									2	1	C327082589_2-7-1-sgyecrlw3vp3u2qw34pyte7j19	
100001721	1	1	1	6610	6610							18	2	2	2	59	4	5		1	1	1	3	3	1	2	3	4	5	6	7		1	2								1	2						2	4	5									1	2	5	7	8	10	11																				3	10	12	13	14	25																					21																	1	1	3	4								13											13									13	13	13	13																								4											2			8	22																				22																							3	3																																																																																																																										6	1	4	2		5	3	3	4	3	3	4	4	3	2		5	3	4	4	4	3	3	4	3	2		5	3	4	4	4	3	3	4	3	2		5	3	3	4	4	3	3	3	3		2		5	3	3	4	3	3	4	3	1	4	5													1	2	3	4	6	7	8	9	10				5										14		9									2	1	C327082589_2-9-2-sgtn6mgfyyv38ilzt3uqbjiszr	
100001676	1	1	1	784	784							51	4	1	2	56	4	1		1	1	1	3	3	1	2	3	4	5	6	7		1	2	3	4	5	6	7			1	2	3	4	5	6	7	4																						3	4	5	2												3	5	7	9	12	14	19																				1	4	6	9	10	16	18											4	1	2	3	4	7	9	10	11			1	2	3	4	7	9	10	11				1	2	3	11						1	1	3	2	5	5	5								5																								1	2		1	2	6	7	8	9	10	11	15	21	23											1	6	7	9	10	12	15	16	18	23														5	5	1	3	4	5	8	9									1	3	7	8	9	10	15								1	4	5	8	10	15																																																																																								10	9	2	1	อายิโนะโมะโต๊ะปรุงรสผสมอะไรก็อร่อย ใช้ง่าย  รสชาติดีเยี่ยม	9	4	4	4	4	4	5	4	4	1	ผงชูรสอายิโนะโมะโต๊ะ ของดีคู่ครัวไทยมายาวนาน ปรุงอาหารไหนๆก็	9	4	4	4	5	4	5	4	4	1	อายิโนะโมะโต๊ะ ผงชูรสคุณภาพดี ที่ครองใจแม่บ้านมาอย่างยาวนาน  ใครๆต่างชื่นชอบ ลองเลย	9	4	4	5	4	4	4	4	4	1	อายิโนะโมะโต๊ะ อร่อยขึ้นชื่อเชื่อถือได้	9	4	4	4	5	4	4	4	4		1	อายิโนะโมะโต๊ะ ผลิตจากวัตถุดิบจากธรรมชาติ ปรุงอะไรก็อร่อย	8	4	4	4	4	4	4	4	3	2	4													1	2	3	7	9								2									4	2		7									2	1	C327082589_1-9-4-sg6zsojbcf6q4djkm6abvmzwlv	
100001722	1	1	1	6452	6452							47	4	1	2	52	4	3		1	2	1	5	2	1	2	3	4	5	6	7		1	2	3	4	5	6	7			1	2	4	5	6	7		3																												4									5	7	12	19	21																						1	3	17															3	1	2									2											13									13	13	13	13																	2		1																1	1		2	4																				2																							4	3																																																																																																																										8	8	2	2		7	4	4	4	3	4	4	4	4	1	อายิโนะโมะโต๊ะ อร่อย	6	3	4	3	3	3	4	4	3	2		7	3	4	3	3	3	3	3	3	2		6	3	3	3	3	4	3	4	3		1	อายิโนะโม๊ะโตะ ทำให้อาหารต่างๆ อร่อยขึ้น	7	4	4	4	4	4	4	4	5	1	2													2	3	4	9									2									4	2		10									3	1	C327082589_2-9-2-sgzifbtfmhs3y6ez71vd223goq	
100001720	1	1	1	2742	2742							47	4	1	2	53	4	4		1	1	1	2	4	1	2	3	4	5	6	7		1	2	3	4	5	6	7			1	2	3	4	5	6	7	4																						1	6	5	1										1		1	2	3	4	5	6	7	8	9	10	11	12	13	14	15	16	17	18	19	21	22	23	24	25			1	2	3	4	6	7	8	9	10	12	16	17	18	19	20	21		5	1	2	3	4	7	9	10	11	12		1	2	3	4	7	9	10	11	12			1	2	3	4	7	9	10	11	12	1	1	2	1	5	3	4	3			2		1	2	3	2																							1	13		1	2	3	4	6	7	8	9	10	11	12	14	15	16	17	18	19	20	21	22	23	1	2	3	4	6	7	8	9	10	11	12	14	15	16	17	18	19	20	21	22	23			5	5	1	2	3	4	5	7	8	9	10	11	14	15	16	17	1	2	3	4	5	7	8	9	10	11	14	15	16	17	1	2	3	4	5	7	8	9	10	11	14	15	16	17	1	2	3	4	5	7	8	9	10	11	14	15	16	17			1	2	3	4	5	7	8	9	10	11	14	15	16	17		1	2	3	4	5	7	8	9	10	11	14	15	16	17	1	2	3	4	5	7	8	9	10	11	14	15	16	17																					11	11	2	1	ควมอร่อยของอาหาร อายิโนะโมโตะ	10	5	5	5	5	5	5	5	5	1	การปรุงอาหาร รสดี	10	5	5	5	5	5	5	5	5	1	สื่อถึงความอร่อย อายิโนะโมโตะ	10	5	5	5	5	5	5	5	5	1	เพิ่มราชาติของอาหาร แายอโนะโทโตะ	10	5	5	5	5	5	5	5	5		1	ความอร่อยดีมัรสชาติ	10	5	5	5	5	5	5	5	3	1	2													1	2	3	4	5	6	7	8	9	10	11		1									5	2		7									2	1	C327082589_2-9-2-sg8duxw74egzlaswfmq37t383r	
100001726	1	1	1	4959	4959							32	3	1	2	39	3	3		1	1	1	6	1	1	2	3	4	5	6	7		1	2	3	4	5	6	7			1	2	3	4	5	6	7	4																						1	5	5	2												4	5	6	7	8	9	10	14	15	17	18	19	20	25													1	2	3	4	6	7	8	9	10	12	16	18	19	20	21			5	1	2	3	4							1	2										1	2								1	1	13	1	5	4																																	1	2		1	2	3	4	6	7	8	9	10	11	12	14	15	16	17	18	19	20	21	22	23	1	2	3	7	9	18	20																	5	4	1	2	3	4	5	7	8	9	15	16	17				1	3	4	5	7	8	9	17																																																																																																				11	11	4	2		10	5	4	4	4	4	4	5	4	2		10	5	5	5	5	5	5	5	5	2		10	4	4	4	4	4	4	4	4	2		10	4	4	4	4	5	4	4	4		2		10	5	4	4	5	4	5	4	4	1	5													2	3	4	9	10								2									4	8		9									3	1	C327082589_1-7-8-sgib4r6dkddubl0y93lzdr672h	
100001731	1	1	1	1270	1270							35	3	2	2	50	4	3		1	1	1	7	1	1	2	3	4	5	6	7		1	2	3	4	5	6	7			1	2	3	4	5	6	7	4																						1	3	5	2												5	7	9	10	11	12	17	19	23																		1	4	16															5	1	2	3	4							1	2	3									2									2	2	3	2		4																																	1	1		12	17	21																			2	6	19																					4	4															1	4	10	17																																																																																																								6	8	2	1	รสดีรสเผ็ดหอม มีผลิตภัณฑ์หลายแบบ	9	4	5	4	5	5	4	5	5	1	การใช้ผงชูรสชาวยเพิ่มรสชาติอาหารได้	9	4	4	5	5	4	5	4	5	1	การทำอาหารให้อร่อยง่าย ๆได้ด้วยอายิโนะโมโตะ	8	4	4	4	4	4	4	4	4	1	อายิโนะโมะโต๊ะช่วยเพิ่มรสชาติอาหาร	9	4	5	5	5	5	4	4	5		1	ใช้ทำอาหารได้หลายเมนู เพิ่มรสชาติให้อาหารนกลมกล่อม	9	5	5	5	5	5	5	4	2	4	1													5	7	11										3									4	2		8									2	1	C327082589_2-9-2-sgbiwwmc0ixfquf27jr42l8iw0	
100001732	1	1	1	4453	4453							55	4	1	2	51	4	1		1	1	1	3	3	1	2	3	4	5	6	7		1	2	4	6	7					1	2	4	6	7			2	8	10	14																																		10	11	12	15	18	19	21	25																			3	6	8	9	18													3	1	4	7	9							13											13									13	13	13	1																								1	3	8									1	12		1	2	3	4	6	8	9	11	18													1	2	3	6	8	18																		5	5																																																																																																																										11	1	3	2		8	3	4	4	3	4	4	5	3	2		7	3	3	4	3	3	3	4	3	2		8	3	4	3	4	4	4	4	3	2		7	3	3	3	3	3	3	4	3		2		7	4	4	3	3	4	5	3	1	5	2													1	3	8	9	10								4										4		9									2	1	C327082589_2-9-2-gqihmeoyjycrckysj9i6q1oc	
100001729	1	1	1	5253	5253							40	3	2	2	47	3	1		1	3	1	3	3	1	2	3	4	5	6	7		4	5	6	7						4	5	6	7				2	2	3	4	5							1	2	3	4	5	6	7	8	10	11	12							4	5	6	7						10	12	18	19	25																						1	2	3	4	6	7	10	12	16	17	18	19	20	21				4	1	3	4	9	11						13											13									13	13	13	11																								2	3	4	6	7	8						2			1	2	3	4	6	7	8	9	10	11	12	16	17	18	19	20	21	22	23			1	2	3	4	6	7	8	9	10	11	12	16	17	18	19	20	21	22	23					4	4																																																																																																																										9	9	2	2		8	4	4	4	4	4	4	4	4	2		8	4	4	4	4	4	4	4	4	2		8	4	4	4	4	4	4	4	4	2		8	4	4	4	4	4	4	4	4		2		9	4	4	4	4	4	4	4	1	5	2													1	2	3	4	5	7	9	10					3									4	12		9									2	1	C327082589_2-7-1-sgfbmqxw24rp2v6nyvxhwjdz4z	
100001728	1	1	1	7721	7721							75	5	1	2	60	4	5		1	1	1	6	1	1	2	3	4	5	6	7		1	2	7							1	2	7					2	4										1	2	3	5	7	9																					5	7	8	10	11	12	14	15	17	18	19	20	21	23	24	25											1																	2	1	2	3	9							13											13									13	13	13	13																								1	2	4									2			24																					24																					ไม่ทราบไม่เคยใช้	ไม่ทราบไม่เคยใช้	2	2																																																																																																																										6	6	2	2		9	4	4	4	4	3	3	4	3	2		8	4	4	3	4	3	3	4	3	2		7	4	4	4	4	3	3	4	3	2		9	4	4	4	4	3	3	4	3		2		2	3	2	3	2	2	2	2	4	1	2													1	2	3	4	9								5										2		6									2	1	C327082589_2-9-2-sgi25s0t7xccctf1soge7tb1lh	
100001734	1	1	1	10171	10171							10	2	2	2	45	3	3		1	3	1	3	3	1	2	3	4	5	6	7		1	2	3	4	5	6	7			1	2	3	5	6	7		4																						5	1	5	3	1											12	14	19																								3																	3	1	2	3	4	11						1	2	3	4								1									1	1	13	1	5																																		2			15																					10																							3	3	19																																																																																																																									8	9	3	2		8	4	4	4	4	4	4	4	4	2		8	4	4	4	4	4	4	4	4	2		8	3	4	4	4	4	4	4	4	2		8	4	3	4	3	4	4	4	4		2		8	4	4	4	4	4	4	4	1	4	3													2	3	4	9									5										12		7									2	1	C327082589_2-7-1-sgtv77m9noxgyh0787t6vlm072	
100001738	1	1	1	521	521							10	2	1	2	56	4	1		1	1	1	2	4	1	2	3	4	5	6			1	2	3	4	5	6				1	2	3	4	5	6		4																						1	4	5	2												4	5	6	7	8	12	13																				1	3																5	1	2	3	4							1	2										1	2								2	2	1	1	5	4																																	2			10	15																				11																							5	5	1														1																																																																																																											11	11	2	1	ทำให้อาหารอร่อย	10	5	5	5	5	5	5	5	5	1	ทำให้อาหารกลมกล่อม	10	5	5	5	5	5	5	5	5	1	ทำให้อาหารอร่อยกลมกล่อม	10	5	5	5	5	5	5	5	5	1	ทำให้อาหารกลมกล่อม	10	5	5	5	5	5	5	5	5		1	ทำให้อาหารอร่อย	10	5	5	5	5	5	5	5	3	5	2													2	3											1									4	3		6									2	1	C327082589_2-9-2-sgbo7qgdbcstxt7rrnxjvv26mt	
100001743	1	1	1	5128	5128							16	2	1	2	36	3	1		1	1	1	11	1	1	2	3	4	5	6	7		1	2	3	4	5	6	7			1	2	3	4	5	6	7	4																						1	6	5	1										1		1	7	13	21																							1	4	10															5	1	4									1	4										1	4								1	1	4	1	5			4																															1	3		3	4																				1	10																						5	5	1	7																																									4	15																																																																														11	11	1	1	ถ้าอยากให้อาหารอร่อยต้องเลือกชูรส	10	5	5	4	5	4	4	5	5	1	อยากอาหารอร่อยต้องกินชูรส	10	5	5	5	5	4	4	4	5	1	อยากอาหารอร่อยต้องใส่ผงชูรส	10	5	5	5	4	4	5	4	5	1	อยากอาหารอร่อยต้องชูรส	10	5	4	5	5	5	4	4	5		1	อยากอาหารอร่อยต้องชูรส	10	5	4	4	5	5	4	5	5	2	4													1	5	9										1									5	1		9									3	1	C327082589_2-7-1-sgc2n0qhowr6jt0xmbxf8kkli9	
100001748	1	1	1	8978	8978							15	2	1	2	54	4	1		1	1	1	4	3	1	2	3	4	5	6	7		1	2	3	4	5	6	7			3	4	5	6				4																						3	4	3	2												2	4	5																								7	8	10															3	1										1											1									1	1	13	1	3																																		2			1	14																				10	16																						2	3	2																																																																																																																									11	11	3	2		10	3	5	5	5	5	5	5	5	2		10	5	5	5	5	5	5	5	5	2		10	4	5	5	5	5	5	5	5	2		10	3	5	5	5	5	4	5	5		2		10	5	5	5	5	5	5	5	1	5	3													3												2									3	2		6									2	1	C327082589_2-9-2-sgml2cxordkbhlhlo9o0ftt7e3	
100001582	1	1	1	6540	6540							48	4	2	2	56	4	3		1	1	1	3	3	1	2	3	4	5	6	7		1	2	3	4	5	6	7			1	2	3	4	5	6	7	4																						1	2	5	2												26																									ส้มตำ	1	3	6	8	9	12	16	17	21									5	1	2	3								1	3										3									3	3	1	3			5																																1	15		6	8	11																			2	7	9	12	15	16	17																	3	4																													1	2	3	5	8	18																																																																						มีของแถมจากการซื้อแต่ละครั้งเช่นแถมชาม จาน  ช้อน																		7	8	3	1	การทำทอดมันเห็นจะอร่อยต้องใส่รสดี	9	4	4	4	5	4	3	4	5	1	รสดีผงปรุงรส	4	1	3	3	3	2	3	3	3	2		5	3	3	4	4	4	4	4	3	2		8	4	4	4	5	5	4	4	4		2		1	1	2	2	2	1	1	3	4	1	2													12											สะอาดปลอดภัยไร้สารปนเปื้อน	5										12		5									2	1	C327082589_1-9-4-sgcc1t14pd3ycthdm7uyoj5oqh	
100001755	1	1	1	7908	7908							74	5	1	2	56	4	4		1	1	1	2	4	1	2	3	4	5	6	7		1	2	4	5	6	7				1	2	4	5	6	7		2	4	11									1	2	7	8																							2	3	5	18	19																						1	2	3	6	8													2	1	4									13											13									13	13	13	1																								6											1	5		1	2	3	6	8	9	14	15	16	22												1	2	6	8	9																			4	4																																																																																																																										11	11	1	2		10	5	5	5	5	5	5	5	5	2		10	5	5	5	4	5	5	5	5	2		10	4	5	5	5	5	5	5	5	2		10	5	5	5	5	5	5	5	5		2		10	5	4	4	4	5	5	4	1	4	3													1	2	3	4	5	7	9	10					4										3		7									2	1	C327082589_2-9-2-sg1qoaxf3j94cpe3gr6u8ohdha	
100001695	1	1	1	630	630							14	2	1	2	51	4	3		1	2	1	6	1	1	2	3	4	5	6	7		1	2	3	4	5	6	7			1	2	3	4	5	6	7	4																						5	1	5	3	3		1	2	4	5	6	7				5	12	14	19																							1	2	3	6	8													2	1	2	3	4	7						1											1									1	1	13	1	5																																		2			1	6	15																			1	2																						3	3	1	3																																																																																																																								8	1	3	2		6	4	4	3	3	3	3	4	3	2		6	3	4	4	3	3	4	4	3	2		6	3	4	4	4	3	3	4	3	2		6	3	4	4	3	3	3	4	3		2		5	3	4	3	3	4	4	3	1	4	5													1	2											5										10		9									3	1	C327082589_1-9-4-sghqkecmexfe1lba7nx3qvadnl	
100001758	1	1	1	7420	7420							57	4	1	2	51	4	1		1	1	1	2	4	1	2	3	4	5	6	7		1	2	3	4	5	6	7			1	2	3	4	5	6	7	4																						1	4	5	1										1		3	4	5	6	7	8	9	10	11	12	13	14	15	17	19	20	21	22	23	24	25						1	2	3	4	6	7	8	9	10	16	17	19	20					4	1	2	3	4	7	11					1	2	3	4	7	11						1	2								1	1	3	1	5	4																																	1	10		1	2	3	4	7	8	9	11	16	17	20	22	23									2	3	8	18																				4	4	1	3	4	5	7	8	9	11	17						1	3	4	5	7	9	17																																																																																																					8	6	1	2		9	4	4	4	5	4	4	4	4	2		8	4	4	5	4	4	4	4	4	2		8	4	4	4	4	4	4	4	4	2		9	4	4	4	4	4	4	4	4		1	เป็นผงชูรสที่ช่วยปรับรสชาติอาหารให้อร่อยมากขึ้น	9	4	4	4	4	4	4	4	4	2	5													1	2	3	4	5	7	8	9	10	11			2									4	3		7									2	1	C327082589_2-9-2-sgbyi7jbhnx520o8qkzk4awruj	
100001759	1	1	1	4294	4294							18	2	2	2	51	4	1		1	2	1	2	4	1	2	3	4	5	6	7		1	2	3	4	5	6	7			1	2	3	6	7			4																						1	3	5	2												5	14	17	19																							1	3	6	8	9	10	16											3	1	2	3	4	9						1											1									1	1	13	1	5																																		1	6		1	2	3	8	9	14	15	16														1	2	3	6	8	22																		5	3	1	3	5	7																																																																																																																						9	9	2	2		8	4	4	4	4	4	4	4	4	1	อายิโนะโมะโต๊ะ	8	3	4	4	4	4	4	4	4	2		8	3	4	4	4	4	4	4	4	2		7	3	4	3	4	4	4	4	4		2		8	4	4	4	4	4	4	4	5	1	4													1	2	3										3									4	2		9									2	1	C327082589_1-9-4-sg5qwxuh35umwjz8gd3ug4vlz6	
100001766	1	1	1	8338	8338							15	2	2	2	52	4	3		1	1	1	8	1	1	2	3	4	5	6	7		1	2	4	5	6	7				1	2	4	5	6	7		2	2																											4	5								1	2	3	4	5	7	8	10	11	12	13	14	15	17	18	19	20	21	24	25							21																	3	1	2	3	4	7	9					13											13									13	13	13	1																								2											2			6	8																				7																							3	3																																																																																																																										8	8	1	1	ทำให้อาหารมีรสชาติอร่อย โดยไม่ต้องปรุงมาก	7	4	5	5	5	4	4	5	4	2		9	4	4	5	5	5	4	5	5	2		9	5	5	5	5	5	5	5	5	2		8	4	4	5	5	5	4	4	4		1	มีผงชูรสแบบใหม่ที่ลดโซเดียม ดีกว่าแบบเดิม น่าสนใจ	9	4	5	5	5	5	5	5	3	2	1													2	3	9										3									5	8		7									3	1	C327082589_2-9-2-sgb8f9u6x05r7ilcyxkfyrmcqi	
100001767	1	1	1	945	945							6	2	2	2	52	4	3		1	1	2	5	2	1	2	3	4	5	6	7		1	2	3	4	5	6	7			1	2	3	4	5	6	7	4																						2	3	5	2												3	5	6	7	9	10	14	18	19	20	25																1	2	3	6	7	8	9	10	12	20								5	1	2									1											1									1	1	13	1	5																																		2			1	2	3	4	6	7	9	10	12	20												6																							5	3	1	3	7	8																																																																																																																						8	5	2	2		5	3	4	3	4	3	4	4	3	2		6	3	4	3	3	3	4	4	3	2		5	3	4	3	3	3	4	4	3	2		5	3	4	3	3	3	4	4	3		2		6	3	4	4	3	4	4	3	1	4	5													1	2	3	9									4										8		4									3	1	C327082589_2-9-2-sgah3mbvy8flzmoxgrup1eyb0z	
100001769	1	1	1	10394	10394							58	4	1	2	52	4	3		1	3	1	8	1	1	2	3	4	5	6	7		1	2	4	5	7					1	2	4	5	7			2	4										1	2	12																								10	19																									1																	3	1	3									13											13									13	13	13	13																								4											2			1																					2																							3	3																																																																																																																										6	8	3	2		7	4	3	4	3	3	4	4	3	2		6	3	3	4	3	3	3	3	3	2		5	3	3	4	4	3	2	3	3	2		6	4	4	4	3	4	3	4	3		2		6	3	4	4	3	3	4	3	5	4	1													1	10											4										4		11									3	1	C327082589_2-9-2-sgxd4fnjl91k9ekvw34smg9irh	
100001777	1	1	1	4487	4487							9	2	1	2	51	4	3		1	1	1	8	1	1	2	3	4	5	6	7		1	2	3	6	7					1	2	3	6	7			4																						1	5	5	2												6	8	13	18																							1	6	10	19														5	1	4	9	10							1	4	10									4	10								10	10	1	1				5						4																									2			9	10	14	19	21																	6	9	12																					5	5																																											1	5	15																																											2	9	16																																11	10	3	2		10	4	4	4	4	5	4	4	4	2		10	4	4	4	4	4	4	4	4	2		9	4	5	4	4	3	4	4	4	2		10	4	4	5	4	4	4	5	4		1	รสชาติที่ดี	10	4	4	5	4	4	4	4	1	4	5													1	2	7	9									1									4	2		7									2	1	C327082589_1-9-4-sgztohmnc7urxu9qy0gmo3i3yb	
100001781	1	1	1	344	344							32	3	1	2	59	4	3		1	2	1	9	1	1	2	3	4	5	6	7		1	2	3	4	6	7				1	2	3	4	6	7		4																						3	6	5	2												10																										1	2	3	4	6	7	8	9	10	12	16	17	18	19	20	21		5	1	2	3	4	7	9					1	2										1	2								2	2	1	2	5	4																																	1	1		1	2	3	4	6	7	8	9	10	11	12	14	15	16	17	18	19	20	21	22	23	1	2	3	4	6	7	8	9	11	12	16	18	20	22										5	3	1	3	4	5	7	8	9	15							1	3	4	5	7	8	9	10	14	15	16	17																																																																																																11	11	2	2		10	5	5	5	5	5	5	5	5	2		10	4	5	5	4	4	4	5	4	2		10	4	5	5	4	4	5	5	4	2		10	5	4	5	5	5	5	5	5		1	เมนูหน้าโรงเรียน คิดถึงวัยเรียน ถึงแม่จะไม่ได้ไปโรงเรียนแล้ว แต่แม่ยังคิดถึงเมนูหน้าโรงเรียนนำมาปรับสูตร ทำอาหารเช้าให้ลูก ๆ ทานก่อนไปโรงเรียนได้ง่ายและอร่อยถูกปากเด็ก ๆ	10	4	5	5	4	5	5	5	4	1	5													1	2	3	4	6	7	9	10					2									4	6		9									3	1	C327082589_1-9-4-58y0i6jgmqbu1a8oc6ujn3ax	
100001775	1	1	1	9554	9554							5	2	1	2	53	4	1		1	2	1	4	3	1	2	3	4	5	6	7		1	2	3	4	5	6	7			1	2	3	4	5	6	7	4																						2	4	5	2												2	5	6	7	8	12	14	15	17	18	19	20	21														1	3	4	6	7	8	9	16	21									5	1	3	4								1											1									1	1	4	1	5																																		1	12		1	2	3	6	7	8	9	11	14	15	16	23										1	2	3	6	9	16																		5	5	1	3	5	7	8	10	16																																																																																																																			10	10	3	1	ผงชูรสตราชฎา	9	4	4	4	4	4	4	4	4	1	อายิโนะโมโต๊ะ	9	4	4	4	4	4	4	4	4	1	อายิโนะโมโต๊ะ	9	5	5	4	4	5	4	5	5	1	ราชาชูรส	9	4	4	4	5	4	4	5	4		1	เป็นตัวกลางสื่อฑูตของความอร่อย ผงชูรสแท้ 100% ผลิตจากวัตถุดิบธรรมชาติ ทำให้อาหารอร่อย	9	5	5	4	4	4	5	5	5	2	4													1	2	3	4	7	9	10						3									4	3		9									2	1	C327082589_2-9-2-sgpaxt6r8jyra7229vtlp6z5e6	
100001786	1	1	1	6359	6359							1	1		2	37	3	1		1	2	1	3	4	1	2	3	4	5	6	7		1	2	3	4	5	6	7			1	2	3	4	5	6	7	4																						2	4	5	2												5	12																									1																	5	1	3	4	9							1											1									1	1	13	1	5																																		2			1	2	3	4	8	9																1	2	3	11	12	20																		5	5	1	3	5																																																																																																																							10	11	4	2		10	5	5	5	5	4	5	5	5	2		9	4	4	4	3	4	4	4	4	2		9	4	4	4	3	4	4	4	4	2		8	4	3	4	3	4	4	4	4		2		10	4	5	5	5	5	5	5	1	5	4													1	2	3	4	5	7							5										8		8									2	1	C327082589_2-7-1-sgipt2gd89hhhe00pgo4zeq9yj	
100001796	1	1	1	5377	5377							1	1		2	43	3	3		1	1	1	4	3	1	2	3	4	5	6	7		1	2	3	4	5	6	7			1	2	3	4	5	6	7	4																						1	5	5	2												3	9	10	12	17	19	25																				1	3	6	8														3	1	3									1											1									1	1	3	1	5																																		1	9		1	8	15	23																		1	9	15																					3	3	3	7	16																																																																																																																							9	7	4	1	กาารทำอาหารทอด	6	3	3	3	3	4	4	4	4	1	อูมามิทำให้อาหารอร่อย	8	4	4	4	4	4	4	4	4	1	การทำิาหารต่องมีเครื่งปรุงเพิ่มรสชาติอร่ิย	7	4	4	4	4	4	4	4	4	2		7	4	4	4	4	4	4	3	4		1	ช่วยเพิ่มรสชาติให่อร่อย	7	3	4	4	4	4	4	3	2	3	5													3	5	7										3									4	7		8									2	1	C327082589_2-7-1-sg6jrsft7a5dq9yyspeo24ienv	
100001802	1	1	1	1981	1981							1	1		2	35	3	3		1	1	1	3	4	2	3	5						2	3								3							4																						1	7	5	1										1		6	7	11	12	13	17	18																				1	3	4	7														5	1										1											1									1	1	13	1	5																																		1	10		2	3	11	12	15	17	22															2	9	11	15																				5	5	1	3	5	7	16																																																																																																																					11	11	3	1	รสดี อายิโนะโมะโต๊ะ อร่อยดีทุกเมนู	10	5	5	5	5	5	5	5	5	1	อายิโนะโมะโต๊ะอร่อยทุกเมนู	10	5	5	5	5	5	5	5	5	1	ผงชูรส อายิโนะโมะโต๊ะ มีความอร่อยลงตัว	10	5	5	5	5	5	5	5	5	1	ผงชูรสอร่อยทุกเมนุรสชาติดี	10	5	5	5	5	5	5	5	5		1	ความอร่อยของอายิโนะโมะโต๊ะ ผงขุนแท้	10	5	5	5	5	5	5	5	3	4	1													1	2	3	5	10								1									5	8		9									2	1	C327082589_2-10-3-sg341gpgvgkh6qeel5leyydhe2	
100001801	1	1	1	1283	1283							66	5	1	2	35	3	3		1	1	1	2	4	1	2	3	4	5	6	7		1	2	4	5	6	7				1	2	4	5	6	7		2	4	10	11								1	2	3	6	10	11	12																				4	5	6	7	8	10	11	12	13	14	15	17	19	20	23	25											1	2	3	6	8	9	16	21										3	1	3	4								13											13									13	13	13	1																								1	2	3	4	5	6	7	8				2			1	2	3	6	8	9	11	14	15	16	22	23										1	2	3	6	8	14	16	22	23															4	3																																																																																																																										6	6	4	1	การใช้ผงชูรสกับการทำอาหาร	5	4	4	4	4	4	4	4	4	2		9	5	5	5	5	5	5	5	5	2		8	3	4	4	4	4	5	4	4	2		7	4	4	4	4	4	4	4	4		2		7	4	4	4	4	4	4	4	1	4	2													1	2	8	9									5										11		9									2	1	C327082589_2-7-1-sghdihuul6a470ldqe7fhcl4hw	
100001809	1	1	1	7209	7209							1	1		2	57	4	3		1	2	1	4	3	1	2	3	4	5	6	7		1	2	3	4	5	6	7			1	2	3	4	5	6	7	4																						2	3	5	2												5	10	11	12	13	14	17	18	25																		1	3	9															5	1	2	3	7							1	2	3	7								1									1	1	7	1	5																																		1	2		2	7	8	9	11																	1	2	9																					5	5	1	5	8	9																																																																																																																						10	9	4	2		10	4	4	4	4	4	5	5	5	2		9	4	4	5	4	5	5	4	4	2		9	4	4	4	4	4	5	4	4	2		9	4	4	4	4	4	4	5	4		1	อายิโนะโมโต๊ะทำอาหารอร่อย ทำได้หลากหลายเมนู	9	4	4	5	4	4	5	5	5	1	2													3	9	10										4										14		9									3	1	C327082589_2-10-3-sg25a5j6ahwu7pb5kgor81khu6	
100001812	1	1	1	9309	9309							75	5	1	2	37	3	1		1	1	1	2	4	1	2	3	4	5	6	7		1	2	3	4	5	6	7			1	2	3	4	5	6	7	4																						1	3	5	2												2	3	5	8	12	14	17	19																			1	2	6	8	9	16	21											5	1	2	3	7							1											1									1	1	13	1	5																																		1	3		2	4	7	8	9	16	23															2	3	8	9																				5	5	1	2	5	16																																																																																																																						8	9	1	2		7	4	4	5	5	4	4	4	4	2		8	4	4	4	4	5	5	5	5	2		8	4	5	5	4	5	5	4	4	2		8	4	4	4	4	4	5	4	4		2		8	4	4	4	5	5	4	4	1	5	2													1	3	7	9									5										2		7									2	1	C327082589_2-7-1-sg97mx0zusxbsm8825dmrqfvbt	
100001815	1	1	1	9613	9613							75	5	1	2	36	3	5		1	2	1	3	3	1	2	3	4	5	6	7		1	2	3	4	5	6	7			1	2	3	4	5	6	7	4																						4	1	5	2												3	4	5	7																							2	6	8															5	1	2	3	4	7	9	11				1	2	9									1	2								1	1	2	1	5	4																																	1	4		1	6	8	9	18																	7	18																						5	5	3	7	10	16											1	4	9	16																																																																																																								9	10	1	1	รสดี ทำให้อาหารอร่อย	10	5	5	5	5	5	5	4	5	2		5	3	4	3	3	2	3	5	2	2		7	3	3	2	2	3	2	3	3	2		7	4	5	4	3	3	5	5	4		2		10	4	4	3	5	5	4	5	1	4	5													3	7	10										2									5	2		10									2	1	C327082589_2-7-1-sgt336v9teob9k9pyg7xbhwoxi	
100001820	1	1	1	1025	1025							15	2	1	2	55	4	1		1	1	1	4	3	2	3	4	5	6	7			3	4	6	7						3	4	6	7				4																						1	6	5	1										3		5	12	17	18	21																						1	3	4	8	9	10												5	1	2									1	2										1									1	1	2	1	5																																		1	1		16	22	23																			16	23																						5	5	1																																																																																																																									6	6	2	1	อะยิโนโมโต๊ะ	7	4	4	4	5	4	5	5	4	1	อายิโนะโมะโต๊ะ	4	4	5	4	4	4	5	3	4	1	อะยิโนโมโต๊ะ	7	4	5	4	5	5	5	5	5	1	อะยิโนโมโต๊ะ	7	5	4	4	4	4	4	4	4		1	อายิโนโมโต๊ะ	7	4	5	4	5	5	5	5	2	3	1													5	7	9										4										2		6									2	1	C327082589_2-9-2-sgx2fxb7tv8sygr3isvgwis23x	
100001821	1	1	1	5984	5984							44	3	1	2	37	3	1		1	1	1	4	3	1	2	3	4	5	6	7		1	2	4	5	6	7				1	2	4	5	6	7		2	2																											4	7								14	20	25																								1	3	9															3	1	3	4								13											13									13	13	13	1																								7											2			7	22																				2	7																						2	2																																																																																																																										6	8	3	2		10	5	5	5	5	5	5	5	5	2		5	4	5	4	3	3	5	4	3	2		6	4	5	5	5	5	5	5	5	2		10	4	4	5	5	5	5	5	5		2		8	4	5	5	5	4	5	5	5	1	4													1	4	8										2									5	12		7									2	1	C327082589_2-7-1-9x4hki1lkfuvoyfkkjdhfb3i	
100001825	1	1	1	904	904							66	5	1	2	55	4	3		1	2	1	3	3	1	2	3	4	5	6	7		1	2	3	4	5	6	7			1	2	3	4	5	6	7	4																						2	4	5	2												1	5	7	8	10	12	14	15	17	19	20	25															1	3	6	8	9													5	1	3	4	7	9						1	3	4									1	4								1	1	13	1	5			3																															1	12		1	2	3	6	7	8	9	11	15	22	23											1	2	6	8	9	22	23																	5	5	1	3	5	7	8	16	17																																				1	3	8	16	17																																																																											9	9	2	2		9	5	5	5	5	5	5	5	5	2		8	3	3	3	3	3	3	3	3	2		6	3	3	3	3	3	3	3	3	2		8	4	4	4	4	4	4	4	4		2		8	4	4	4	4	4	4	4	5	4	1													1	2	3	4	7	9	10						5										12		9									2	1	C327082589_2-9-2-sgxjo3fyqgtmzmnzs0p8xdh4y2	
100001725	1	1	1	1641	1641							50	4	2	2	50	4	1		1	1	1	5	2	1	2	3	4	5	6	7		1	2	3	4	5	6	7			1	2	3	4	5	6	7	4																						1	3	5	2												4	5	8																								1	4	19	21														4	1	2	3								1											1									1	1	13	1	5																																		2			6	11	12	18	19	21	23															8	9	17																					4	4	2	5	7	9	15																																																																																																																					9	9	2	2		8	4	4	4	4	4	4	4	4	2		9	4	4	4	4	4	4	4	4	2		8	4	4	4	4	4	4	4	4	2		8	4	4	4	4	4	4	4	4		2		8	4	4	4	4	4	4	4	2	1	4													1	3	5	7	9	10							2									4	2		11									2	1	C327082589_2-9-2-sg2jgztrqyx0gi9eii2rehrjfh	
100001836	1	1	1	1010	1010							3	1		2	50	4	1		1	1	1	5	3	1	2	3	4	5	6	7		1	2	3	4	5	6	7			1	2	3	4	5	6	7	4																						1	6	5	1										1		1	2	3	4	6	7	8	10	11	12	13	14	15	17	20	21	22	23	24								1	3	4	6	7	8	9	12	17	20	21							4	1	2	4								1	2	4									1	2								2	2	4	1	5	5																																	1	12		1	3	4	6	7	11	17	20	23													1	2	3	6	7	20	23																	5	5	1	5	9												1	3	5	7	8	9																																																																																																						11	11	3	1	รสดี#แพนด้า	10	5	5	5	5	5	5	5	5	1	อายิโน๊ะโม๊ะโต๊ะ#ทำให้อาหารมีรสกลมกล่อม	10	5	5	5	5	5	5	5	5	1	เพิ่มรสอูมมามิและลดโชเดี้ยม	10	5	5	5	5	5	5	5	5	1	อายิโน๊ะโม๊โต๊ะต้องมีติดใว้ที่บ้าน	10	5	5	5	5	5	5	5	5		1	แพนด้าสื่อถึงอายิโน๊ะโม๊ะโต๊ะ	10	5	5	5	5	5	5	5	4	5	2													2	3	4	5	7	10							1									5	6		7									2	1	C327082589_2-10-3-sg1joazty4ns87z3sb14hiq7vm	
100001838	1	1	1	7530	7530							1	1		2	53	4	5		1	1	1	3	4	1	2	3	4	5	6	7		1	2	3	4	5	6	7			1	2	3	4	5	6	7	4																						2	5	5	2												2	4	7	8	9	12	13	14	17	18	19	20	21	22	25												1	4	8	16														5	1										1											1									1	1	13	1	5																																		1	6		4	8	17																			2	20																						5	3	2	7	11																																																																																																																							11	11	3	1	รสดี เพิ่มความนัวให้กัยอาหาร	10	4	5	4	4	5	5	4	4	1	ใช้อาอิโนโมโต๊ะ รสชาติไหนก์เอาอยูา	10	5	4	4	5	5	5	4	5	1	ทำอาหารของอาอิโนโมโต๊ะ โดยมีดาราเป็นคนทำ	9	4	4	4	5	5	5	5	4	1	อาอิโนโมโตฝ๊ะ สมคสรมีติดบ้านเอาไว้	10	5	5	4	4	5	5	5	5		1	ทำอาหารได้หลากหลาย	10	5	5	5	4	5	5	4	4	1	3													2	6	9	10									2									5	12		7									3	1	C327082589_2-10-3-sg6junyhjx1pcztnxltv4sn8kd	
100001830	1	1	1	4888	4888							5	2	2	2	50	4	3		1	1	1	3	3	1	2	3	4	5	6	7		1	2	3	4	5	6	7			1	2	3	4	5	6	7	4																						1	3	5	2												5	12	15	17	19	25																					1	3	6	9														5	1	2	3	4	7						1	2	3	4	7							1	4								1	1	13	1	5			5																															2			1	9	15																			1																							5	5	3																																										1	8																																																																														8	9	3	2		8	4	4	4	3	4	3	4	4	2		8	3	4	4	4	3	3	4	3	2		8	4	4	3	3	4	4	4	3	2		8	4	3	4	4	4	3	4	3		2		8	3	4	3	4	3	3	3	5	4	2													2	4	10										5										12		4									2	1	C327082589_2-9-2-sgwz4jouxsnw411i2fewqc8bv2	
100001666	1	1	1	7125	7125							75	5	2	2	58	4	5		1	1	1	6	1	1	2	3	4	5	6	7		1	2	3	4	5	6	7			1	2	3	4	5	6	7	4																						1	5	5	2												2	3	6	7	10	13	19	24																			1	3	4	6	7	8	9	16	17	20								4	1	2	4								1	2	4									1	2								1	1	4	1	5	5																																	2			1	3	7	8	11	16																1	3	6																					5	4	1	2	3	5	8										1	11	15																																																																																																									11	10	3	2		9	4	4	3	4	4	4	4	4	2		7	4	4	4	4	4	4	4	4	1	ดี น่าสนใจ	10	4	2	4	4	4	4	4	4	2		8	4	4	4	4	5	4	5	5		1	ผลิตภัณฑ์อายิโน๊ะโมโต๊ะ	9	5	4	4	4	4	4	5	2	1	5													1	3	4	9	10								2									4	9		6									2	1	C327082589_2-9-2-sgyev8sytm2ezx65xrkfwytrvj	
100001682	1	1	1	725	725							56	4	1	2	42	3	3		1	1	1	5	2	1	2	3	4	5	6	7		1	2	3	4	5	6	7			1	2	3	4	5	6	7	4																						1	3	5	1										1		1	2	3	4	5	6	7	8	9	10	11	12	13	14	15	16	17	18	19	20	21	22	23	24	25		1	2	3	4	6	7	8	9	10	12	16	17	18	19	20	21		5	1	3	7	10	12						1	3	7	10	12							1	3	7	10	12					3	3	1	3	4		4				3			3		2																							1	6		1	2	3	4	6	7	8	9	10	11	12	14	15	16	17	18	19	20	21	22	23	1	2	3	4	6	7	8	9	10	11	12	14	15	16	17	18	19	20	21	22	23			5	5	1	2	3	4	5	7	8	9	10	11	14	15	16	17															1	2	3	4	5	7	8	9	10	11	14	15	16	17																	1	2	3	4	5	7	8	9	10	11	14	15	16	17																1	2	3	4	5	7	8	9	10	11	14	15	16	17																					11	11	2	1	การทำอาหารจากการทอดให้อร่อยจากเดิมด้วยการใส่ผงปรุงรสยี่ห้อรสดี	10	5	5	5	5	5	5	5	5	1	สื่อถึงความอร่อยของผงชูรสยี่ห้ออายิโนะโมะโต๊ะ	10	5	5	5	5	5	5	5	5	1	สื่อให้ถึงความสนุกในการทำอาหารคือการเพิ่มรสชาติด้วยผงชูยี่ห้ออายิโนะโมะโต๊ะ	10	5	5	5	5	5	5	5	5	1	การทำอาหารด้วยการเพิ่มรสชาติให้อร่อยด้วยผงชูยี่ห้ออายิโนะโมะโต๊ะ	10	5	5	5	5	5	5	5	5		1	ข้อความหลักกล่าวถึงผงชูยี่ห้ออายิโนะโมะโต๊ะสามารถทำอาหารได้หลากหลายเมนูไม่ว่าจะปิ้งย่างต้มผัดแกงทอด	10	5	5	5	5	5	5	5	4	1	2													1	2	3	4	5	6	7	8	9	10	11		1									5	8		7									2	1	C327082589_2-7-1-sg2010niwk3fsovx07vu9n5qxe	
100001850	1	1	1	1144	1144							1	1		2	44	3	1		1	3	1	5	3	1	2	3	4	5	6	7		2	4	5	6	7					2	4	5	6	7			2	4	10									1	2	7	10	11																						7	12	17	19	20																						4	6	8															3	1	3	11								13											13									13	13	13	1																								2	4	6									2			2	3	4	6	11	23																3	4	6	11	14																			4	4																																																																																																																										8	7	1	2		7	4	4	4	5	4	4	4	4	2		7	4	5	4	4	4	4	4	4	2		7	4	4	4	5	4	4	5	4	2		7	4	4	4	4	4	4	4	4		2		7	4	4	4	4	4	4	4	1	5	4													2	3	4	7	8	10							2									4	8		9									2	1	C327082589_2-10-3-sgn4h6etr45k1om3nxdnn12z5t	
100001697	1	1	1	4937	4937							48	4	2	2	59	4	5		1	1	1	2	4	1	2	3	4	5	6	7		1	2	3	4	5	6	7			1	2	3	4	5	6	7	4																						1	3	5	3	4		1									5	8	10	12	14	17	18	19	25																		1	2	3	4	6	8	9	10	12	16	17	18	19	20				4	1	2	3	4	7	9	10	11	12		1	3	4									1	3								3	3	13	3	5		5																																1	4		1	2	3	16	23																	1	2	3	8	16	23																		4	4	1	16																											1	3	16																																																																																											11	11	1	2		10	4	4	4	4	5	4	4	5	2		10	4	5	4	4	4	4	4	5	2		10	4	5	4	4	4	4	4	4	2		10	4	5	4	4	5	4	4	5		1	สื่อถึงสินค้า	10	4	5	5	5	4	5	5	1	4	5													1	2	3	4	5	9							5										12		7									2	1	C327082589_2-9-2-psjganlk3qm8r6npe29x5vgh	
100001863	1	1	1	1163	1163							57	4	2	2	53	4	5		1	1	1	2	4	1	2	3	4	5	6	7		2	4	6	7						4							2	3	4									1	2																2	4								5	10	12	18	19	25																					3																	3	1	3	4								13											13									13	13	13	1																								3	7										2			3	11																				3																							4	4																																																																																																																										8	8	4	2		6	4	4	4	4	4	4	4	3	1	ทำให้รถชาติของอาหารกลมกล่อม อร่อยขึ้ร	7	4	4	4	4	4	4	4	4	2		7	4	4	4	4	4	4	4	4	2		6	4	3	4	4	4	3	4	3		2		6	4	3	4	4	4	4	4	2	4	5													1	4											4										8		9									3	1	C327082589_2-9-2-sg4wllf4v623urslcnc4rifhdd	
100001864	1	1	1	8641	8641							34	3	1	2	50	4	3		1	1	1	4	3	1	2	3	4	5	6	7		1	2	3	4	5	6	7			1	2	3	4	5	6	7	4																						1	4	5	2												2	3	5	7	8	9	10	11	12	13	14	15	17	18	19	25											1	3	6	8	9	16												4	1	3	4	7							1	7										1									1	1	13	1	5																																		1	10		1	2	3	6	7	8	9	14	15	16												1	2	3	6	9																			4	3	1	5	7	8	10																																																																																																																					8	4	2	2		9	4	4	4	4	4	4	4	4	2		8	3	4	4	3	3	4	4	3	2		8	4	4	4	4	4	4	4	4	2		7	3	3	3	3	3	3	4	3		2		8	4	4	4	4	4	4	4	1	2	3													1	2	3	4	9								4										8		7									2	1	C327082589_2-9-2-c6glxnllj3zf2iyvr54fnz7k	
100001665	1	1	1	4154	4154							51	4	1	2	50	4	2		1	2	1	3	3	1	2	3	4	5	6	7		1	2	3	4	5	6	7			1	2	3	4	5	6	7	4																						3	2	5	3	3		8						น้ำตาล			12	14	19																								3	7	8	9	16	20	21											5	1	2	3	4							1											1									1	1	3	1	5																																		1	6		1	6	7	8	9	11	15	16	20	23												6	7	8	9	16	20	23																	5	5	7	17																																																																																																																								11	11	4	2		10	4	4	5	3	4	4	5	4	2		10	4	4	4	4	4	4	5	4	2		10	4	4	5	4	4	4	5	4	2		10	4	4	5	3	4	4	5	4		1	การทำอาหาร และส่วนประกอบในการทำอาหาร	10	4	3	3	4	4	4	4	4	1	5													1	3	9	10									2									5	3		9									2	1	C327082589_2-9-2-sgcg1x8a6371b60dvtkmw2tjkt	
100001865	1	1	1	9636	9636							3	1		2	42	3	1		1	1	1	5	3	1	2	3	4	5	6	7		1	2	3	4	5	6	7			1	2	3	4	5	6	7	4																						1	3	5	2												1	2	3	4	6	14	19																				3	8	18	20	21													3	1	3	4	7							1	4										1									1	1	4	1	5																																		2			1	3	4	8	14	15	20	23														1	3	4	8	14	18	20	23																3	3	2	3																																																																																																																								11	11	2	2		10	5	4	4	5	5	5	4	5	2		10	4	4	4	3	4	4	4	4	2		10	4	4	4	4	4	3	4	4	2		8	4	3	3	3	3	3	4	3		2		10	4	3	3	4	3	3	4	5	1	3													1	2	3	9	10								5										11		9									2	1	C327082589_2-10-3-sg5eko8tsli189bp5bnlztdkba	
100001871	1	1	1	2560	2560							18	2	2	2	35	3	2		1	2	1	4	3	1	2	3	4	5	6	7		1	2	3	4	5	6	7			2	3	4	6	7			4																						2	3	5	2												5	9	10	11	12	13	17	18	19	20	25																1	2	3	4	6	8	9	21										5	1	4	9								1											1									1	1	13	1	5																																		1	12		1	2	4	8	14	15	23															24																						ฉันไม่เคยใช้ยี่ห้อนี้	5	3	1	2	3	5	7	9	10	16																																																																																																																		9	11	1	1	ทำให้รสชาติอาหารอร่อยยิ่งขึ้น	9	4	4	4	4	4	4	4	4	1	ทำให้การทำอาหารง่ายมากขึ้นและอร่อย	10	5	4	5	4	4	5	5	5	1	อร่อยเร็วลดโซเดียม	10	5	5	5	5	5	5	5	5	1	ทำให้อาหากลมกล่อมมากขึ้น	10	5	5	5	5	5	5	5	5		2		9	4	4	4	4	4	4	4	2	3	4													1	2	3	4	9								5										8		9									2	1	C327082589_2-7-5-sgogb8fkyl8eknukexbnh64l0i	
100001882	1	1	1	4753	4753							51	4	1	2	50	4	2		1	2	1	3	3	1	2	3	4	5	6	7		1	2	3	4	5	6	7			1	2	3	4	5	6	7	4																						3	2	5	3	3		4	8					น้ำตาล			12	14	19																								3	6	7	8	9	20	21											5	1	2	3	4							1	3										1									1	1	3	1	4																																		1	1		2	3	6	7	8	9	16	20	22	23												3	7	8	9	16	20	22	23																5	5	1	3	7	8																																																																																																																						11	11	2	2		10	4	4	4	4	4	4	4	4	2		10	4	4	4	4	4	4	5	4	2		10	4	4	4	4	4	4	5	4	2		10	5	4	5	3	4	4	5	4		2		9	4	3	4	4	4	4	4	4	1	2													1	3	10										2									5	3		9									2	1	C327082589_2-9-2-sg87nlrapue2s7fc71zq89iu6b	
100001880	1	1	1	1801	1801							31	3	2	2	35	3	1		1	1	1	3	3	1	2	3	4	5	6	7		1	2	3	4	5	6	7			2	3	4	7				4																						1	3	5	2												7	9	12	14	18	19	20	24	25																		1	2	3	4	6	7	8	9	10	12	16	20	21					4	1	2	3	4							1	3										3									3	3	1	3			5																																2			3	7	11	23																		2	6	8	9	23																			4	4																													8	9																																																																																												9	8	1	2		8	4	3	4	4	4	4	4	4	2		7	4	4	4	3	4	4	4	4	2		7	4	4	4	4	4	4	4	4	2		7	4	4	4	3	4	4	4	4		2		8	4	4	4	4	4	4	4	5	1	2													1	2	3	7	10								5										10		9									2	1	C327082589_2-7-5-sg7idwve306adn3o33t08o1eo6	
100001885	1	1	1	2660	2660							49	4	2	2	36	3	3		1	1	1	2	4	1	2	3	4	5	6	7		1	2	3	4	5	6	7			1	2	3	4	5	6	7	4																						1	3	5	2												5	7	10	12	14	15	18	19	20	21	23	25															1	2	3	6	8													4	1	2	3								1	2										1									1	1	2	1	5																																		2			1	2	3	4	6	8	14															2	3	6																					4	4	1	3	7																																																																																																																							2	11	2	2		10	5	4	4	5	5	4	4	5	2		10	4	5	4	5	4	5	5	4	2		9	4	4	3	4	5	4	4	4	2		10	4	4	4	4	5	4	4	4		2		10	5	5	5	5	5	5	5	2	1	5													3	7	9	10									1									4	12		7									2	1	C327082589_2-7-5-sgwsglrep3lkun9d2bpp079pvd	
100001876	1	1	1	6491	6491							2	1		2	42	3	1		1	1	1	4	3	1	2	3	4	5	6	7		1	2	3	4	5	6	7			1	2	3	4	5	6	7	4																						2	4	5	2												5	7	10	12	13	14	17	19	21	25																	1	3	6	8	9													3	1	3	4								1											1									1	1	13	1	5																																		2			1	2	3	4	6	8	9	11	14	15	16											1	2	4	6	8	9	16																	3	3	1	2	4	5	7	8	9	10	11	17																																																																																																																1	1	4	2		7	4	4	4	4	4	4	5	4	2		5	3	4	3	4	3	3	4	3	2		7	4	4	4	5	4	4	4	4	2		5	3	4	4	4	4	4	4	3		2		8	4	5	4	4	4	5	4	1	5	3													1	3	4	5	8	9							4										2		11									2	1	C327082589_2-10-4-sgresf7owpbq2d318xxrw77b9r	
100001891	1	1	1	7800	7800							5	2	2	2	48	3	5		1	1	1	3	3	1	2	3	4	5	6	7		1	2	3	4	5	6	7			1	2	3	4	5	6	7	4																						1	5	5	2												4	5	6	7	9	10	12	13	14	15	17	19	20	23	25												1	2	3	6	7	8	9	16	17	20	21							5	1	2	3	4	7	9	10	11	12		1	2	7									1	2								1	1	7	3	5	4																																	1	12		1	2	3	8	9	14	23															1	2	7	9	10	22																		5	4	1	7	16	17											1	3	8	14	16																																																																																																							11	11	1	1	ใช้ง่าย  ช่วยให้อาหารรสชาติดี  กลมกล่อม	10	4	4	4	4	4	5	4	4	1	อาหารอร่อยรสกลมกล่อม มั่นใจในการทำอาหารทุกเมนู	9	4	4	4	4	4	5	5	4	2		9	4	4	4	4	4	4	4	4	2		9	4	4	4	4	4	4	4	4		1	การทำอาหาร มีรสชาติดีง่ายๆ ใช้ได้ทุกเมนู	9	4	4	4	4	4	4	4	1	5	2													1	3	4	7	9								2									4	12		7									2	1	C327082589_2-7-5-x6cynn9ofglyycjx4qfnnjnz	
100001870	1	1	1	2036	2036							15	2	1	2	49	3	3		1	1	1	4	3	1	2	3	4	5	6	7		1	2	3	4	5	6	7			1	2	3	4	5	6	7	4																						1	7	5	2												3	4	5	7	11	17	19																				1	3	4	6	7	19												4	1	2	3	4							1	2	3	4								1	3	4							3	3	1	1	5		5	4																															1	10		1	2	3	7	8																	2	4	6	7	16	21																		4	4	1	2	4	5	7	17																							1	2	3	4	7	9									1	2	3	4	7	9																																																																										8	8	4	1	การปรุงอาหารเป็นเรื่องง่ายด้วยผงปรุงรสดี	8	4	4	4	4	4	4	4	4	2		8	4	4	4	4	4	4	4	4	2		8	4	4	4	4	4	4	4	4	2		8	4	4	4	4	4	4	4	4		1	การจัดสันเมนูอาหารให้เหมาสมะ	7	4	4	4	4	4	4	4	1	5	2													1	2	5	7	10								2									4	12		6									3	1	C327082589_2-7-5-sgogfnik1kuupgfy3j5rc3v4uv	
100001691	1	1	1	5608	5608							24	2	1	2	50	4	3		1	2	1	4	3	1	2	3	4	5	6	7		1	2	3	4	5	6	7			1	2	3	4	6	7		4																						1	3	5	2												5	12	13	14	19	25																					1	2	3	7	8	9	16	17										3	1	4									1	4										1									1	1	13	1	5																																		2			1	2	4	8	9	11	15	16	17													4	9	16																					4	3	1	2	3	7	8	10	17																																																																																																																			10	10	4	2		7	3	3	4	4	3	4	4	4	2		9	4	3	4	4	4	4	4	4	2		8	4	3	4	3	4	4	4	4	2		9	3	4	4	4	4	4	4	4		2		8	4	4	4	4	4	4	4	3	5	1													1	2	3	9									5										8		9									3	1	C327082589_2-9-2-PAxNBcUanV3gqUkT8O0D2LIU	
100001718	1	1	1	2827	2827							5	2	1	2	53	4	5		1	3	1	3	3	1	2	3	5	6	7			1	2	6	7						1	2	6	7				2	3	4	5	8							1	2	7	10	11													1	2	6	7						5	7	11	12	14	15	17	18	19	21																	1	3	6	8	9	21												3	1	3	4								13											13									13	13	13	1																								1	3	4	6								1	12		1	2	3	6	8	9	23															1	2	3	6	7	8	9	10	23															3	3																																																																																																																										8	8	4	2		7	4	4	4	4	4	4	4	4	2		6	3	4	3	3	3	4	3	3	2		5	3	4	3	4	3	3	3	3	2		8	4	4	4	4	4	4	4	4		1	อร่อยกลมกล่อม	6	4	4	4	4	4	4	4	5	1	4													1	2	3	4	5	7	9						3									4	12		9									2	1	C327082589_2-9-2-sg20mkdseorbtk91bzcrulgbs8	
100001899	1	1	1	6126	6126							44	3	1	2	35	3	3		1	3	1	4	3	1	2	3	4	5	6	7		1	2	3	4	5	6	7			1	2	3	4	5	6	7	4																						1	3	5	2												5	12	14	25																							1	2	7	9														5	1	2	7								1	2										1									1	1	13	1	5																																		1	2		1	2	16	22																		3	8																						5	5	1	3	5	9																																																																																																																						11	11	1	1	การปรุงอาหาร รสดี	10	5	5	5	5	5	5	5	5	1	ช่วยในการปรุงอาหารให้อร่อย	10	5	5	5	5	5	5	5	5	1	อูมามิ อร่อนกลมดล่ม	10	5	5	5	5	5	5	5	5	1	อายิโน็ะโมโต๊ะ	10	5	5	5	5	5	5	5	5		1	ปรุวอาหารง่าย	10	5	5	5	5	5	5	5	1	5	2													3	5	7										2									5	2		9									2	1	C327082589_2-7-5-sg7b6rpnnstukkt4p3t614wyck	
100001900	1	1	1	6178	6178							39	3	1	2	40	3	3		1	3	1	3	3	1	2	3	4	6	7			1	2	3	4	6	7				1	2	3	4	6	7		4																						4	3	5	3	3		2	4	6							9	11	17	19	20	25																					3	4	6	8	16													3	1	2	3	4	7	9					1	2										1									1	1	13	9	5																																		2			2	4	7	8																		7	9																						4	4	1	3	7	8	9																																																																																																																					5	7	3	2		10	4	2	4	4	4	3	4	3	2		7	3	4	4	4	3	3	4	3	2		7	4	2	4	4	3	3	3	3	2		6	3	2	3	3	3	3	4	3		2		7	4	4	4	3	3	4	4	1	2	5													1	3	4	9									2									4	3		8									2	1	C327082589_2-7-5-sguqs1v9se7j2b7jsu0nezulfl	
100001907	1	1	1	4059	4059							54	4	2	2	45	3	3		1	3	1	4	3	1	2	3	4	5	6	7		1	2	4	5	6	7				1	2	4	5	6	7		2	4										1	2	3	4	5	10	11																				5	6	10	12	14	17	18	19																			1	3	8	16														3	1	3									13											13									13	13	13	1																								1	3	4	8								2			1	8	9	14	16																	8	14																						4	3																																																																																																																										9	7	3	2		9	5	4	5	5	4	4	5	4	2		8	4	4	4	4	4	4	4	4	2		8	4	4	4	4	4	4	4	4	2		8	4	4	5	4	4	3	5	4		2		7	4	3	4	4	4	4	4	1	4	2													1	2	3	4	10								5										10		9									3	1	C327082589_2-7-5-sgwiylsijc5v6glih0ikq1ihqd	
100001925	1	1	1	23	23							37	3	1	2	37	3	3		1	1	1	3	3	1	2	3	4	5	6	7		1	2	3	4	5	6	7			1	2	3	4	5	6	7	4																						1	4	5	2												2	5	12	19	25																						1	3	10															4	1	2	3								1	2	3									1									1	1	13	1	5																																		1	12		1	8	10	23																		1	8	23																					5	4	1	3	7	16																																																																																																																						10	9	4	2		9	4	4	4	5	4	4	5	4	2		9	4	4	5	4	4	4	4	5	2		9	4	4	5	4	4	4	4	4	2		8	4	4	5	4	4	4	4	5		2		9	4	4	5	4	4	4	4	5	1	2													3	4	9										5										9		6									2	1	C327082589_2-7-1-bOIpo3EEXpjosgVFX7XBTRSa	
100001919	1	1	1	10962	10962							74	5	1	2	40	3	3		1	1	1	3	3	1	2	3	4	5	6	7		1	2	3	4	5	6	7			1	2	3	4	5	6	7	4																						1	3	5	1										1		2	3	5	7	8	9	10	11	12	13	14	15	17	18	19	21	23	24	25								1	2	4	10														5	1	3	4	7	10						1	3										1									1	1	4	1	5																																		1	1		2	6	22																			2	19	22																					4	5	1																																																																																																																									11	11	1	1	อาหารรสชาติอร่อยขึ้น	10	3	4	5	5	4	5	4	5	1	อาหารอร่อยขึ้น	10	4	5	4	5	5	4	4	5	1	เพิ่มรสชาติ	10	4	5	5	5	5	5	5	4	1	เพิ่มรส	9	4	5	5	4	5	5	4	5		1	ดีมาก รสชาติอร่อย	9	4	4	5	4	4	4	5	5	3	1													4	5											1									4	8		9									3	1	C327082589_2-7-5-sgp3jcz4ny2cln4imvuev1zu9b	
100001878	1	1	1	6945	6945							51	4	1	2	49	3	3		1	3	1	4	3	1	2	3	4	5	6	7		1	2	3	4	5	6	7			1	2	3	4	5	6	7	4																						3	3	5	3	4		4									26																									ผัดผักบุ้ง	1	3	6	8	21													3	1	3									1	3										1	3								1	1	3	1	5		4																																2			2	3	4	7	8	11	17	23														1	4	6	17																				4	4	1	3	7	15																									3	4	7	11																																																																																										7	2	4	2		7	4	3	4	3	4	4	4	3	2		5	3	3	4	3	4	3	4	4	2		7	3	3	4	4	4	3	4	4	2		7	4	3	4	4	4	4	4	4		2		6	4	4	3	3	3	4	4	4	2	5													1	2	9										4										10		9									2	1	C327082589_2-7-1-sg0aw7safokkr4i6bajpxpbayi	
100001241	1	1	1	8739	8739							37	3	1	2	52	4	4		1	2	1	3	3	1	2	3	4	5	6	7		2									2							2	3																											1									2																										1																	5	1										13											13									13	13	13	1																								2											2			8																					10																							5	3																																																																																																																										2	3	3	2		5	2	4	4	2	3	2	2	4	2		4	3	3	3	2	4	3	2	1	2		4	3	3	3	3	3	3	3	3	2		5	4	4	4	4	3	3	3	3		2		4	3	3	2	4	2	2	4	4	3	2													2												3									3	10		7									2	1	C327082589_1-9-4-sg84037nh5l6qktbeb2swwm21w	
